pickup_year,pickup_month,pickup_day,pickup_time,trip_distance,pickup_location,dropoff_location,fare_amount,extra,mta_tax,tolls_amount,improvement_surcharge,tip_amount,total_amount,payment_type
2016,2,1,0,6.53,40.76470184,1,40.69292831,1,22.5,0.5,4.76,0.5,0,-73.98504639
2016,7,17,0,1.1,141,170,5,0.5,0.5,0,0.3,1.25,7.55,1
2016,9,4,0,5.7,88,229,17,0.5,0.5,0,0.3,2.75,21.05,1
2016,2,1,0,2.15,40.73241806,1,40.74486923,1,9.5,0.5,2.16,0.5,0,-73.98078156
2016,11,1,0,0.55,140,140,4,0.5,0.5,0,0.3,1.32,6.62,1
2016,2,19,0,5.75,40.71955109,1,40.74557877,1,20.5,0.5,5.45,0.5,0,-73.95308685
2016,2,1,0,12.48,40.75746918,1,40.63249969,2,35,0.5,0,0.5,0,-74.02433777
2016,1,1,0,2.67,40.73115158,1,40.74871063,1,12.5,0.5,1.1,0.5,0,-73.973526
2016,11,1,0,5.1,249,262,21.5,0.5,0.5,0,0.3,4.56,27.36,1
2016,9,4,0,2.6,107,230,10,0.5,0.5,0,0.3,4,15.3,1
2016,9,4,0,4.79,79,238,17,0.5,0.5,0,0.3,0,18.3,2
2016,9,4,0,2.6,79,229,11,0.5,0.5,0,0.3,2.45,14.75,1
2016,2,19,0,1.59,40.74803925,1,40.75331879,1,7,0.5,1,0.5,0,-73.96994019
2016,2,19,0,2.02,40.747509,1,40.73870087,1,10.5,0.5,3.54,0.5,0,-73.99939728
2016,1,29,0,1,40.71389008,1,40.72399521,1,9,0.5,1,0,0,-73.99676514
2016,7,10,0,4.7,255,170,18,0,0.5,0,0.3,3.75,22.55,1
2016,1,29,0,1.43,40.74437332,1,40.75947571,1,10.5,0.5,2.26,0,0,-73.98134613
2016,11,15,0,8.77,236,255,27,0.5,0.5,0,0.3,5.66,33.96,1
2016,1,1,0,3.7,40.76317978,1,40.74137497,1,13,0.5,5.7,0.5,0,-73.92160797
2016,11,15,0,0.3,233,233,3,0.5,0.5,0,0.3,0,4.3,2
2016,2,1,0,2.14,40.73247147,1,40.75542068,2,9,0.5,0,0.5,0,-73.99166107
2016,1,1,0,1.03,40.72389221,1,40.72151566,2,6.5,0.5,0,0.5,0,-73.98368835
2016,7,17,0,2.3,68,230,9.5,0.5,0.5,0,0.3,0,10.8,2
2016,9,4,0,1.2,114,79,8,0.5,0.5,0,0.3,0,9.3,1
2016,9,4,0,3.37,79,209,13.5,0.5,0.5,0,0.3,0,14.8,1
2016,1,29,0,1.3,40.77143478,1,40.75920105,2,8.5,0.5,0,0,0,-73.97023773
2016,7,10,0,1.7,144,170,8,0,0.5,0,0.3,1,9.8,1
2016,9,4,0,2.24,50,238,9.5,0.5,0.5,0,0.3,1.08,11.88,1
2016,11,1,0,18.31,132,68,52,0,0.5,5.54,0.3,11.67,70.01,1
2016,11,1,0,2.3,226,179,10,0.5,0.5,0,0.3,3.35,14.65,1
2016,2,1,0,5.9,40.70666885,1,40.73218155,1,20.5,0.5,4.35,0.5,0,-73.95653534
2016,1,29,0,0.8,40.74973679,1,40.73994827,2,7.5,0.5,0,0,0,-73.98949432
2016,7,10,0,1.2,90,246,7.5,0,0.5,0,0.3,1.65,9.95,1
2016,2,19,0,1.6,40.73539734,1,40.71739197,1,11.5,0.5,2.55,0.5,0,-73.99541473
2016,7,10,0,0.3,107,107,3,0,0.5,0,0.3,0,3.8,2
2016,2,19,0,2.7,40.76079941,1,40.74089813,1,12,0.5,2.65,0.5,0,-74.00778961
2016,7,17,0,5.83,232,181,19.5,0.5,0.5,0,0.3,5.2,26,1
2016,11,1,0,8.1,244,68,24.5,0.5,0.5,0,0.3,2,27.8,1
2016,7,17,0,4.94,170,255,27.5,0.5,0.5,0,0.3,4.75,33.55,1
2016,9,4,0,1.5,162,141,6.5,0.5,0.5,0,0.3,0,7.8,2
2016,1,29,0,4.7,40.74047852,1,40.71102905,1,19,0.5,3.95,0,0,-74.00837708
2016,7,10,0,2.6,164,50,13.5,0,0.5,0,0.3,0,14.3,2
2016,1,1,0,1.2,40.74461365,1,40.7539444,2,9,0.5,0,0.5,0,-73.99203491
2016,7,10,0,4.1,143,145,16,0,0.5,0,0.3,0,16.8,2
2016,9,4,0,2.77,80,17,12,0.5,0.5,0,0.3,1.7,15,1
2016,9,4,0,3.5,249,43,15.5,0.5,0.5,0,0.3,3.35,20.15,1
2016,11,1,0,3.92,186,262,14.5,0.5,0.5,0,0.3,2.2,18,1
2016,7,10,0,1.07,161,100,6,0,0.5,0,0.3,1.7,8.5,1
2016,1,29,0,2.7,40.79120636,1,40.76013565,1,15,0.5,3.15,0,0,-73.97584534
2016,2,19,0,2.2,40.70691299,1,40.69511414,1,8.5,0.5,1.96,0.5,0,-73.99772644
2016,1,29,0,2.96,40.73419189,1,40.72420883,1,13,0.5,2,0,0,-74.00101471
2016,9,4,0,0.3,230,161,4,0.5,0.5,0,0.3,1.3,6.6,1
2016,9,4,0,2.14,246,162,9.5,0.5,0.5,0,0.3,1.5,12.3,1
2016,7,10,0,2.49,186,211,10.5,0,0.5,0,0.3,0,11.3,2
2016,9,4,0,17.5,79,124,49,0.5,0.5,0,0.3,0,50.3,2
2016,9,4,0,2.22,143,236,9.5,0.5,0.5,0,0.3,1.2,12,1
2016,11,15,0,4.2,113,189,15,0.5,0.5,0,0.3,3.25,19.55,1
2016,1,29,0,4.6,40.75481796,1,40.77069855,1,26.5,0.5,5.45,0,0,-73.94874573
2016,11,1,0,2.32,45,4,12.5,0.5,0.5,0,0.3,2.76,16.56,1
2016,2,19,0,7.41,40.75366974,1,40.69007111,1,25,0.5,5.26,0.5,0,-73.99342346
2016,2,1,0,1.69,40.72917175,1,40.72201157,1,8.5,0.5,2.94,0.5,0,-73.98881531
2016,11,1,0,5.8,48,152,19.5,0.5,0.5,0,0.3,0,20.8,2
2016,1,1,0,2.94,40.78461838,1,40.75101852,2,12,0.5,0,0.5,0,-73.97103119
2016,1,1,0,11.87,40.64518356,1,40.74300766,1,33,0.5,8.58,0.5,0,-73.89084625
2016,7,17,0,0.74,68,246,4.5,0.5,0.5,0,0.3,1,6.8,1
2016,7,10,0,0.63,237,237,5,0,0.5,0,0.3,0,5.8,2
2016,7,17,0,2.1,144,137,10.5,0.5,0.5,0,0.3,2.35,14.15,1
2016,2,1,0,4.5,40.76493073,1,40.76890945,2,16,0.5,0,0.5,0,-73.91111755
2016,11,1,0,2.72,43,238,12.5,0.5,0.5,0,0.3,2.76,16.56,1
2016,2,19,0,1.1,40.73948288,1,40.74976349,2,8.5,0.5,0,0.5,0,-73.98776245
2016,9,4,0,4.71,112,102,16,0.5,0.5,0,0.3,0,17.3,2
2016,2,19,0,6.52,40.7817688,1,40.82411957,2,21,0.5,0,0.5,0,-73.85936737
2016,11,15,0,2.1,158,13,8.5,0.5,0.5,0,0.3,1.96,11.76,1
2016,7,10,0,0.84,163,237,5.5,0,0.5,0,0.3,0,6.3,2
2016,9,4,0,3.7,246,166,12,0.5,0.5,0,0.3,1.5,14.8,1
2016,9,4,0,1.91,224,186,9.5,0.5,0.5,0,0.3,1,11.8,1
2016,9,4,0,1.9,246,230,8.5,0.5,0.5,0,0.3,0,9.8,2
2016,7,10,0,0.61,113,211,4.5,0,0.5,0,0.3,0,5.3,2
2016,7,10,0,1.23,236,239,6.5,0,0.5,0,0.3,0,7.3,1
2016,9,4,0,0.78,263,141,4.5,0.5,0.5,0,0.3,1.16,6.96,1
2016,1,29,0,1.5,40.782444,1,40.76136017,1,10.5,0.5,2.5,0,0,-73.98381042
2016,1,1,0,5.7,40.75056839,1,40.71357346,1,18,0.5,8,0.5,10.5,-74.03556824
2016,9,4,0,1.64,100,162,8.5,0.5,0.5,0,0.3,0,9.8,2
2016,9,4,0,3.68,79,236,13,0.5,0.5,0,0.3,2.86,17.16,1
2016,9,4,0,3.7,90,261,13,0.5,0.5,0,0.3,0,14.3,2
2016,9,4,0,1.5,48,239,7.5,0.5,0.5,0,0.3,1.75,10.55,1
2016,9,4,0,2.71,249,163,11,0.5,0.5,0,0.3,0,12.3,2
2016,9,4,0,2.4,256,4,10.5,0.5,0.5,0,0.3,0,11.8,2
2016,11,1,0,0.64,230,100,4.5,0.5,0.5,0,0.3,5,10.8,1
2016,11,1,0,1.8,68,230,10,0.5,0.5,0,0.3,3.35,14.65,1
2016,11,1,0,0.5,114,249,9,0.5,0.5,0,0,0,10,2
2016,1,29,0,0.9,40.73803711,1,40.73168182,1,6,0.5,1,0,0,-73.99027252
2016,1,1,0,15.25,40.64486313,1,40.72632599,1,40.5,0.5,0,0.5,0,-73.93797302
2016,7,10,0,1.8,263,162,9.5,0,0.5,0,0.3,2.05,12.35,1
2016,11,1,0,0.8,249,68,8,0.5,0.5,0,0.3,0,9.3,2
2016,2,1,0,19,40.79450989,1,40.88246918,3,52,0.5,0,0.5,0,-73.86697388
2016,11,1,0,3.75,79,261,13,0.5,0.5,0,0.3,0,14.3,2
2016,2,1,0,2.4,40.76280212,1,40.75577164,2,9.5,0.5,0,0.5,0,-73.92826843
2016,11,1,0,0.7,249,158,6,0.5,0.5,0,0.3,1,8.3,1
2016,7,10,0,3.5,166,163,13.5,0,0.5,0,0.3,3.5,17.8,1
2016,7,17,0,1.5,50,186,7.5,0.5,0.5,0,0.3,0,8.8,2
2016,7,10,0,1.6,236,140,8.5,0,0.5,0,0.3,0,9.3,2
2016,2,19,0,3.65,40.75320816,1,40.79135895,1,13.5,0.5,1.7,0.5,0,-73.97389984
2016,11,1,0,1.7,125,232,8.5,0.5,0.5,0,0.3,0,9.8,1
2016,7,10,0,1.05,170,186,7.5,0,0.5,0,0.3,0,8.3,2
2016,9,4,0,1.63,163,236,8,0.5,0.5,0,0.3,0.7,10,1
2016,2,19,0,0.52,40.76337814,1,40.75865173,2,4,0.5,0,0.5,0,-73.96643829
2016,9,4,0,2.87,107,125,12,0.5,0.5,0,0.3,0,13.3,2
2016,11,15,0,1.17,68,246,5.5,0.5,0.5,0,0.3,1.7,8.5,1
2016,1,29,0,1.9,40.78109741,1,40.80495834,1,9,0.5,1.96,0,0,-73.93888855
2016,7,10,0,1.3,137,100,7,0,0.5,0,0.3,1.56,9.36,1
2016,11,1,0,3.8,170,7,15,0.5,0.5,0,0.3,3.25,19.55,1
2016,9,4,0,1.07,50,161,7,0.5,0.5,0,0.3,2.08,10.38,1
2016,2,1,0,2.28,40.76607132,1,40.78832245,2,8.5,0.5,0,0.5,0,-73.94101715
2016,2,1,0,18.81,40.64500046,2,40.72578049,1,52,0.5,11.67,0,5.54,-73.9885788
2016,7,10,0,1.18,113,158,7.5,0,0.5,0,0.3,1.66,9.96,1
2016,2,19,0,1.1,40.73588562,1,40.73447418,2,8,0.5,0,0.5,0,-74.00222778
2016,11,15,0,0.79,100,68,5,0.5,0.5,0,0.3,0,6.3,2
2016,7,10,0,1.1,68,114,7,0,0.5,0,0.3,0,7.8,2
2016,11,1,0,1.5,142,161,9,0.5,0.5,0,0.3,0,10.3,2
2016,1,1,0,1.38,40.71849823,1,40.73423004,1,7,0.5,1.66,0.5,0,-73.98980713
2016,11,1,0,11.4,79,243,34,0.5,0.5,0,0.3,0,35.3,2
2016,7,17,0,3.8,90,65,13.5,0.5,0.5,0,0.3,3.7,18.5,1
2016,7,10,0,22.3,132,50,52,0,0.5,5.54,0.3,8,66.34,1
2016,9,4,0,1.62,263,162,7.5,0.5,0.5,0,0.3,1.76,10.56,1
2016,7,17,0,2.7,141,79,10.5,0.5,0.5,0,0.3,0,11.8,2
2016,9,4,0,1.72,246,48,7,0.5,0.5,0,0.3,1.66,9.96,1
2016,9,4,0,1.89,125,107,8.5,0.5,0.5,0,0.3,1.96,11.76,1
2016,2,1,0,4.09,40.72513962,1,40.6995697,1,15,0.5,4.08,0.5,0,-73.94571686
2016,11,1,0,1.4,224,148,9.5,0.5,0.5,0,0.3,1.05,11.85,1
2016,9,4,0,5.38,164,52,18,0.5,0.5,0,0.3,3.86,23.16,1
2016,9,4,0,8.33,114,133,24.5,0.5,0.5,0,0.3,0,25.8,2
2016,1,1,0,2.32,40.77373886,1,40.75383759,2,19,0.5,0,0.5,0,-73.99596405
2016,1,1,0,0.6,40.75133133,1,40.75033951,1,5,0.5,0,0.5,0,-73.99134064
2016,9,4,0,0.43,151,151,4,0.5,0.5,0,0.3,1,6.3,1
2016,7,10,0,0.4,48,48,3.5,0,0.5,0,0.3,0.86,5.16,1
2016,1,1,0,1.5,40.74156952,1,40.72634125,1,7.5,0.5,2.2,0.5,0,-74.00235748
2016,7,10,0,1.22,170,229,6,0,0.5,0,0.3,1.36,8.16,1
2016,9,4,0,0.56,107,224,4,0.5,0.5,0,0.3,0,5.3,2
2016,1,1,0,9.6,40.74243927,1,40.85139084,1,32,0.5,5,0.5,0,-73.94156647
2016,7,10,0,1.2,48,68,6,0,0.5,0,0.3,1.35,8.15,1
2016,11,1,0,0.8,79,234,6.5,0.5,0.5,0,0.3,0,7.8,2
2016,2,1,0,1.19,40.76123047,1,40.77259064,1,6,0.5,1.82,0.5,0,-73.95545959
2016,7,10,0,1.26,142,238,6.5,0,0.5,0,0.3,0,7.3,2
2016,11,1,0,8.1,48,196,27,0.5,0.5,0,0.3,0,28.3,2
2016,1,29,0,0.69,40.7522583,1,40.74715042,2,5,0.5,0,0,0,-73.98383331
2016,1,29,0,7.5,40.7429924,1,40.6925621,2,41,0.5,0,0,0,-73.95480347
2016,9,4,0,11.26,148,244,32,0.5,0.5,0,0.3,6.66,39.96,1
2016,9,4,0,2.49,158,230,11.5,0.5,0.5,0,0.3,0,12.8,2
2016,1,1,0,1.24,40.76839066,1,40.75553894,2,14.5,0.5,0,0.5,0,-73.97975159
2016,7,17,0,2.4,186,237,10,0.5,0.5,0,0.3,0,11.3,2
2016,7,10,0,7.44,226,261,23,0,0.5,0,0.3,4.76,28.56,1
2016,9,4,0,9.01,140,189,27,0.5,0.5,0,0.3,5.66,33.96,1
2016,1,1,0,0.72,40.74721909,1,40.75179672,2,5,0.5,0,0.5,0,-74.00448608
2016,7,17,0,1.2,50,142,6.5,0.5,0.5,0,0.3,1.2,9,1
2016,2,19,0,6.16,40.75563812,1,40.70796967,1,20.5,0.5,0,0.5,0,-74.01667023
2016,9,4,0,7.1,256,196,24.5,0.5,0.5,0,0.3,2,27.8,1
2016,7,10,0,2.3,238,41,10,0,0.5,0,0.3,0,10.8,2
2016,11,1,0,2.34,148,164,11,0.5,0.5,0,0.3,0,12.3,2
2016,9,4,0,1.71,48,237,9,0.5,0.5,0,0.3,2.06,12.36,1
2016,11,1,0,3.45,148,170,17.5,0.5,0.5,0,0.3,3.76,22.56,1
2016,7,17,0,1.97,68,170,9,0.5,0.5,0,0.3,1.5,11.8,1
2016,1,1,0,3.1,40.76387787,1,40.72816086,1,21,0.5,4.45,0.5,0,-73.99926758
2016,2,1,0,2.36,40.76305771,1,40.73915482,2,8.5,0.5,0,0.5,0,-73.97999573
2016,1,1,0,4.9,40.67211533,1,40.71059418,1,19,0.5,4.06,0.5,0,-73.98657227
2016,9,4,0,3.2,42,235,11.5,0.5,0.5,0,0.3,0,12.8,2
2016,1,1,0,24,40.74929047,5,40.72052383,1,140,0,30.95,0,14.5,-74.32032776
2016,7,17,0,1.8,231,232,9.5,0.5,0.5,0,0.3,0,10.8,2
2016,2,1,0,1.1,40.71400833,1,40.70975876,2,6,0.5,0,0.5,0,-74.00614929
2016,11,15,0,0.89,170,107,5,0.5,0.5,0,0.3,1.26,7.56,1
2016,7,10,0,1.91,114,137,9,0,0.5,0,0.3,1,10.8,1
2016,2,1,0,0.73,40.7518425,1,40.74637604,1,5,0.5,1.26,0.5,0,-74.00115967
2016,1,1,0,5.4,40.78913879,1,40.85154724,2,24.5,0.5,0,0.5,0,-73.91590118
2016,1,1,0,1.6,40.71595764,1,40.73404312,2,8,0.5,0,0.5,0,-73.98986053
2016,9,4,0,4,97,61,15,0.5,0.5,0,0.3,0,16.3,2
2016,2,1,0,1.5,40.74010849,1,40.7595787,1,6,0.5,1,0.5,0,-73.96211243
2016,2,1,0,2.2,40.75617599,1,40.78193283,1,9,0.5,1.95,0,0,-73.94560242
2016,9,4,0,1.8,162,224,8,0.5,0.5,0,0.3,0,9.3,2
2016,9,4,0,1.9,264,264,8.5,0.5,0.5,0,0.3,1.95,11.75,1
2016,7,10,0,1.75,90,230,8,0,0.5,0,0.3,0,8.8,2
2016,7,17,0,2.2,170,140,8.5,0.5,0.5,0,0.3,1.95,11.75,1
2016,7,10,0,1.5,143,237,8,0,0.5,0,0.3,1.75,10.55,1
2016,1,29,0,2.5,40.78459167,1,40.80160522,2,10.5,0.5,0,0,0,-73.94350433
2016,11,1,0,5.76,90,166,21,0.5,0.5,0,0.3,2.8,25.1,1
2016,2,25,0,5.52,40.75099182,1,40.75883865,2,20,0.5,0,0.5,0,-73.98858643
2016,9,4,0,0.7,162,230,5,0.5,0.5,0,0.3,0,6.3,2
2016,2,19,0,1.35,40.76174164,1,40.75852966,1,8.5,0.5,1.96,0.5,0,-73.99240875
2016,9,4,0,2.3,158,137,11.5,0.5,0.5,0,0.3,0,12.8,2
2016,11,1,0,1.7,48,238,7.5,0.5,0.5,0,0.3,1.75,10.55,1
2016,1,1,0,0,0,3,0,2,20,0,0,0.5,0,0
2016,2,1,0,8.2,40.77425385,1,40.75233459,1,23.5,0.5,7.55,0.5,5.54,-73.98709106
2016,9,4,0,0.53,50,50,4,0.5,0.5,0,0.3,1.59,6.89,1
2016,1,1,0,1.2,40.74456024,1,40.75366211,1,6.5,0.5,2.3,0.5,0,-73.9664917
2016,9,4,0,2.5,163,107,10,0.5,0.5,0,0.3,0,11.3,2
2016,9,4,0,0.02,114,114,2.5,0.5,0.5,0,0.3,0,3.8,2
2016,9,4,0,1.76,234,230,8,0.5,0.5,0,0.3,0,9.3,2
2016,2,1,0,1.02,40.75382614,1,40.75009537,2,5.5,0.5,0,0.5,0,-73.99121094
2016,2,1,0,8.23,40.7740593,1,40.75175858,2,24,0.5,0,0.5,5.54,-73.97733307
2016,9,4,0,4.3,48,74,14,0.5,0.5,0,0.3,4.55,19.85,1
2016,1,1,0,1.76,40.78133011,1,40.7585144,2,8,0.5,0,0,0,-73.9772644
2016,1,1,0,3.6,40.72050095,1,40.72179031,1,13.5,0.5,2.96,0.5,0,-73.95818329
2016,9,4,0,1.1,158,246,6,0.5,0.5,0,0.3,1.45,8.75,1
2016,11,1,0,16.75,132,170,52,4.5,0.5,5.54,0.3,12.57,75.41,1
2016,9,4,0,0.9,100,233,6.5,0.5,0.5,0,0.3,1,8.8,1
2016,2,19,0,3.34,40.73033905,1,40.76101685,1,13.5,0.5,2,0.5,0,-73.99092865
2016,9,4,0,5.29,148,50,21,0.5,0.5,0,0.3,5.58,27.88,1
2016,11,1,0,1.9,79,144,12.5,0.5,0.5,0,0.3,2.75,16.55,1
2016,1,1,0,1.56,40.75115204,1,40.7670517,2,7.5,0.5,0,0.5,0,-73.93002319
2016,9,4,0,1.53,82,160,6.5,0.5,0.5,0,0.3,0,7.8,2
2016,11,1,0,2.5,164,231,11,0.5,0.5,0,0.3,2.45,14.75,1
2016,1,29,0,1.2,40.74574661,1,40.76155853,1,9.5,0.5,2.05,0,0,-73.97261047
2016,1,1,0,0.9,40.76404953,1,40.76241302,2,6.5,0.5,0,0.5,0,-73.96797943
2016,2,1,0,3.91,40.7849617,1,40.75405884,1,13,0.5,2.86,0.5,0,-73.99263763
2016,11,1,0,0.7,107,164,5,0.5,0.5,0,0.3,1,7.3,1
2016,1,29,0,1.77,40.75093842,1,40.75608063,1,15,0.5,3.16,0,0,-73.97059631
2016,1,1,0,0.9,40.75831604,1,40.76686096,2,8.5,0.5,0,0.5,0,-73.98344421
2016,7,10,0,2.6,261,79,12,0,0.5,0,0.3,0,12.8,2
2016,9,4,0,1.56,80,36,8,0.5,0.5,0,0.3,0,9.3,2
2016,2,1,0,0.69,40.71099854,1,40.71886063,2,4.5,0.5,0,0.5,0,-73.95665741
2016,1,1,0,0.9,40.73963928,1,40.74522018,2,6,0.5,0,0.5,0,-74.00219727
2016,7,10,0,0,193,7,2.5,0,0.5,0,0.3,0,3.3,1
2016,1,1,0,1.49,40.71966934,1,40.73180008,1,10,0.5,2.26,0.5,0,-73.98390961
2016,11,1,0,3.41,114,230,16.5,0.5,0.5,0,0.3,3.56,21.36,1
2016,1,1,0,0.7,40.63657379,1,40.63483429,2,11,0.5,0,0.5,0,-73.89250183
2016,2,1,0,18.66,40.64659119,2,40.72986984,1,52,0.5,10.56,0,0,-74.00406647
2016,7,10,0,2,114,90,8,0,0.5,0,0.3,2,10.8,1
2016,7,10,0,2.5,164,45,11.5,0,0.5,0,0.3,0,12.3,2
2016,11,15,0,0.79,161,237,-6,-0.5,-0.5,0,-0.3,0,-7.3,4
2016,7,17,0,1.5,90,164,8,0.5,0.5,0,0.3,0.14,9.44,1
2016,1,1,0,1.7,40.77469635,1,40.79670715,1,7,0.5,1.65,0.5,0,-73.97093964
2016,7,10,0,2.08,137,140,8,0,0.5,0,0.3,2.2,11,1
2016,11,1,0,1.14,239,151,5,0.5,0.5,0,0.3,0,6.3,2
2016,11,1,0,0.97,234,90,7,0.5,0.5,0,0.3,0,8.3,2
2016,9,4,0,2.4,79,246,11.5,0.5,0.5,0,0.3,2.55,15.35,1
2016,2,1,0,1.56,40.7646904,1,40.76499176,1,6.5,0.5,1.5,0.5,0,-73.98249054
2016,7,10,0,2.3,158,230,10,0,0.5,0,0.3,2.15,12.95,1
2016,7,10,0,1.21,233,140,6.5,0,0.5,0,0.3,0,7.3,1
2016,7,10,0,12.4,132,171,36.5,0,0.5,0,0.3,0,37.3,2
2016,11,1,0,1.02,263,75,5.5,0.5,0.5,0,0.3,1.36,8.16,1
2016,9,4,0,5.83,79,239,20.5,0.5,0.5,0,0.3,0,21.8,2
2016,1,1,0,1.8,40.75979996,1,40.74298859,1,9.5,0.5,2,0.5,0,-73.98935699
2016,2,1,0,0.66,40.73326111,1,40.73119354,2,4.5,0.5,0,0.5,0,-74.00133514
2016,1,1,0,1.3,40.75932312,1,40.75030136,2,7.5,0.5,0,0.5,0,-73.99487305
2016,2,1,0,8.11,40.73500061,1,40.81040955,1,25,0.5,5.26,0.5,0,-73.94193268
2016,9,4,0,3.02,107,50,11.5,0.5,0.5,0,0.3,0,12.8,2
2016,1,1,0,7.85,40.74325562,1,40.76462936,1,22.5,0.5,5.87,0.5,5.54,-73.91187286
2016,11,15,0,0.57,161,48,4,0.5,0.5,0,0.3,1.59,6.89,1
2016,2,1,0,8.1,40.75923157,1,40.85145187,1,28.5,0.5,5,0.5,0,-73.94001007
2016,7,10,0,0.9,114,249,6,0,0.5,0,0.3,0,6.8,2
2016,9,4,0,7.24,249,41,25,0.5,0.5,0,0.3,5.26,31.56,1
2016,2,1,0,2.18,40.75267029,1,40.75349426,2,15.5,0.5,0,0.5,0,-73.99421692
2016,9,4,0,1.68,226,83,8,0.5,0.5,0,0.3,0,9.3,2
2016,2,1,0,1.8,40.74407959,1,40.76584244,2,7,0.5,0,0.5,0,-73.99464417
2016,11,1,0,1.82,234,148,11,0.5,0.5,0,0.3,0,12.3,2
2016,1,29,0,0.51,40.74981308,1,40.7560997,1,7.5,0.5,0,0,0,-73.97008514
2016,7,17,0,2.85,231,100,9.5,0.5,0.5,0,0.3,2,12.8,1
2016,7,17,0,1.2,238,41,6.5,0.5,0.5,0,0.3,0,7.8,1
2016,2,1,0,10.7,40.77396011,1,40.71646118,1,30.5,0.5,6.36,0.5,0,-74.01435852
2016,7,17,0,1.13,114,107,6,0.5,0.5,0,0.3,0.73,8.03,1
2016,2,1,0,2.01,40.7062912,1,40.73075867,1,9,0.5,2.06,0.5,0,-73.98882294
2016,2,1,0,3.6,40.71747208,1,40.75882721,1,13,0.5,1,0.5,0,-73.98854828
2016,2,1,0,4.63,40.73231125,1,40.7714119,1,16,0.5,0,0.5,0,-73.95070648
2016,7,10,0,0.9,48,161,6.5,0,0.5,0,0.3,0,7.3,2
2016,1,29,0,2.01,40.79672623,1,40.77848053,1,10.5,0.5,1.11,0,0,-73.95339966
2016,9,4,0,0.9,148,144,6.5,0.5,0.5,0,0.3,1.55,9.35,1
2016,11,1,0,11.26,261,244,34,0.5,0.5,0,0.3,0,35.3,2
2016,7,17,0,3.3,43,41,11,0.5,0.5,0,0.3,2.46,14.76,1
2016,1,1,0,4.59,40.7845192,1,40.73197174,2,19,0.5,0,0.5,0,-73.9881897
2016,11,15,0,3.81,161,145,14,0.5,0.5,0,0.3,3.06,18.36,1
2016,11,15,0,2.5,100,107,10,0.5,0.5,0,0.3,2.25,13.55,1
2016,9,4,0,1,158,234,6.5,0.5,0.5,0,0.3,0,7.8,2
2016,2,1,0,8.61,40.77398682,1,40.77669144,2,26.5,0.5,0,0.5,5.54,-73.95557404
2016,7,10,0,2.79,141,100,12,0,0.5,0,0.3,0,12.8,2
2016,7,10,0,1.23,226,7,6.5,0,0.5,0,0.3,2.19,9.49,1
2016,9,4,0,6.9,48,87,23,0.5,0.5,0,0.3,4.86,29.16,1
2016,2,1,0,10.43,40.77000809,1,40.70248795,1,30,0.5,5,0.5,0,-73.98284149
2016,1,29,0,0.34,40.77048874,1,40.76816177,2,3.5,0.5,0,0,0,-73.96286011
2016,7,10,0,2.21,161,43,9,0,0.5,0,0.3,1.96,11.76,1
2016,7,17,0,2.3,170,158,11,0.5,0.5,0,0.3,0,12.3,2
2016,9,4,0,0.5,68,48,4.5,0.5,0.5,0,0.3,1.15,6.95,1
2016,11,1,0,0.68,140,237,6.5,1,0.5,0,0.3,1.24,9.54,1
2016,9,4,0,0.85,211,114,5,0.5,0.5,0,0.3,0,6.3,2
2016,7,10,0,1.3,79,234,8,0,0.5,0,0.3,1.75,10.55,1
2016,11,1,0,1.58,79,170,7.5,0.5,0.5,0,0.3,0,8.8,2
2016,7,10,0,1.9,151,142,7.5,0,0.5,0,0.3,0,8.3,1
2016,1,29,0,0.6,40.75483322,1,40.75853348,1,5.5,0.5,1.25,0,0,-73.9769516
2016,11,1,0,1.65,79,45,9.5,0.5,0.5,0,0.3,1,11.8,1
2016,7,10,0,0.87,261,87,6,0,0.5,0,0.3,1,7.8,1
2016,9,4,0,6.2,48,129,21,0.5,0.5,0,0.3,2.5,24.8,1
2016,2,1,0,18.53,40.64148331,2,40.73815918,2,52,0.5,0,0,5.54,-73.99610901
2016,1,1,0,0.44,40.7720108,1,40.76977158,1,4,0.5,1.06,0.5,0,-73.99504089
2016,1,1,0,4.75,40.71899033,1,40.65733337,2,16.5,0.5,0,0,0,-73.96224213
2016,1,1,0,0.01,40.72153854,1,40.72169876,2,2.5,0.5,0,0.5,0,-73.98896027
2016,1,1,0,4.9,40.74716568,1,40.71749115,1,19,0.5,1.7,0.5,0,-73.95803833
2016,2,1,0,2.35,40.76156998,1,40.77524948,1,8.5,0.5,1.96,0.5,0,-73.95968628
2016,11,1,0,0.4,162,164,5.5,1,0.5,0,0.3,0,7.3,1
2016,1,29,0,7.33,40.68285751,1,40.74979782,1,23.5,0.5,6.08,0,0,-73.97223663
2016,1,29,0,1.4,40.78488159,1,40.76570892,1,11.5,0.5,2,0,0,-73.98188782
2016,11,1,0,2.5,236,170,9.5,0.5,0.5,0,0.3,0,10.8,2
2016,7,17,0,10.7,79,67,34,0.5,0.5,0,0.3,0,35.3,2
2016,7,10,0,2.47,113,161,10.5,0,0.5,0,0.3,2.26,13.56,1
2016,11,15,0,4.7,261,189,17.5,0.5,0.5,0,0.3,2.2,21,1
2016,7,10,0,1.71,113,161,7,0,0.5,0,0.3,1.2,9,1
2016,2,1,0,6.85,40.7312851,5,40.77497864,1,40,0.5,0,0,12.5,-74.02028656
2016,7,10,0,1.06,246,68,6,0,0.5,0,0.3,0,6.8,2
2016,7,17,0,2.1,246,230,8.5,0.5,0.5,0,0.3,1.95,11.75,1
2016,1,1,0,1.3,40.6885643,1,40.67192841,1,7.5,0.5,1.75,0.5,0,-73.96269226
2016,2,1,0,2.42,40.73808289,1,40.70926285,2,9.5,0.5,0,0.5,0,-74.00218964
2016,1,1,0,1.33,40.75837708,1,40.74510574,2,7,0.5,0,0.5,0,-73.9764328
2016,7,10,0,2.3,142,236,9.5,0,0.5,0,0.3,2.05,12.35,1
2016,2,1,0,3.56,40.76112366,1,40.75491333,2,13,0.5,0,0.5,0,-73.91458893
2016,2,19,0,18.86,40.64863586,2,40.72195816,2,52,0.5,0,0,5.54,-73.98731232
2016,1,1,0,1.53,0,1,0,2,15,0.5,0,0.5,0,0
2016,11,1,0,7.8,62,216,24.5,0.5,0.5,0,0.3,0,25.8,2
2016,1,1,0,10.1,40.76217651,1,40.66745377,2,33,0.5,0,0.5,0,-73.96108246
2016,7,10,0,1.62,186,246,9,0,0.5,0,0.3,0,9.8,2
2016,7,10,0,1.93,224,186,9.5,0,0.5,0,0.3,0,10.3,2
2016,9,4,0,3.83,158,65,15.5,0.5,0.5,0,0.3,0,16.8,1
2016,7,10,0,1.1,79,232,6.5,0,0.5,0,0.3,0,7.3,2
2016,1,29,0,4.48,40.79478073,1,40.84856033,1,13.5,0.5,2,0,0,-73.9387207
2016,2,1,0,10.67,40.77397156,1,40.75875092,2,29.5,0.5,0,0.5,5.54,-73.97511292
2016,1,29,0,2.06,40.79513168,1,40.80463028,2,9.5,0.5,0,0,0,-73.93946075
2016,1,29,0,3.49,40.70991135,1,40.73992157,1,17,0.5,1,0,0,-73.99156189
2016,9,4,0,3.92,234,163,24,0.5,0.5,0,0.3,5.06,30.36,1
2016,11,15,0,4.4,186,33,14.5,0.5,0.5,0,0.3,3.15,18.95,1
2016,2,1,0,13.51,40.77420044,1,40.66342926,2,37.5,0.5,0,0.5,0,-73.98451996
2016,2,1,0,2.52,40.72127151,1,40.75105667,1,10,0.5,2.26,0.5,0,-73.98452759
2016,1,1,0,0.13,40.75455856,1,40.75611877,2,3,0.5,0,0.5,0,-73.99060059
2016,9,4,0,0.93,162,164,5.5,0.5,0.5,0,0.3,0,6.8,2
2016,7,10,0,11.2,138,230,35,0,0.5,5.54,0.3,6,47.34,1
2016,11,1,0,2.2,100,79,10,0.5,0.5,0,0.3,1,12.3,1
2016,7,10,0,1.15,162,186,7,0,0.5,0,0.3,0,7.8,2
2016,1,1,0,0.76,40.82948303,1,40.83986664,2,4.5,0.5,0,0.5,0,-73.93864441
2016,1,1,0,8.78,40.72460175,1,40.75529099,2,27,0.5,0,0.5,0,-73.86997986
2016,2,19,0,1.15,40.74281311,1,40.74114609,1,6,0.5,1.82,0.5,0,-74.00535583
2016,7,10,0,0.82,249,113,6,0,0.5,0,0.3,1.36,8.16,1
2016,11,1,0,4.1,68,87,16,0.5,0.5,0,0.3,2.1,19.4,1
2016,1,1,0,2.7,40.76023483,1,40.7358551,1,13,0.5,4.25,0.5,0,-74.00152588
2016,9,4,0,2.2,168,147,11,0.5,0.5,0,0.3,0,12.3,2
2016,7,10,0,1.65,137,249,8.5,0,0.5,0,0.3,1.86,11.16,1
2016,1,1,0,0.71,40.7342186,1,40.72902679,2,5,0.5,0,0.5,0,-73.9992218
2016,7,10,0,0.62,263,236,4,0,0.5,0,0.3,0.96,5.76,1
2016,1,29,0,0.78,40.75381088,1,40.7470932,2,4.5,0.5,0,0,0,-73.98554993
2016,2,1,0,2.8,40.73480988,1,40.76448059,1,10.5,0.5,2.36,0.5,0,-73.99178314
2016,9,4,0,1.73,158,107,8.5,0.5,0.5,0,0.3,0,9.8,1
2016,2,1,0,8.7,40.64458847,4,40.61621094,2,29.5,0.5,0,0.5,0,-73.72240448
2016,7,17,0,2.86,231,256,11,0.5,0.5,0,0.3,0,12.3,2
2016,9,4,0,0.7,237,141,5,0.5,0.5,0,0.3,1.26,7.56,1
2016,2,1,0,1.65,40.73516846,1,40.71683884,1,8,0.5,2.79,0.5,0,-74.00383759
2016,11,1,0,20.3,170,206,58,0.5,0.5,11.08,0.3,14.05,84.43,1
2016,9,4,0,5.91,238,79,19.5,0.5,0.5,0,0.3,3,23.8,1
2016,1,29,0,1.4,40.74432373,1,40.76055527,1,9,0.5,1,0,0,-73.97976685
2016,2,1,0,11.4,40.77005768,1,40.7340889,1,33.5,0.5,6.95,0.5,0,-74.00439453
2016,1,29,0,1.1,40.76068878,1,40.76766586,2,8,0.5,0,0,0,-73.98075104
2016,9,4,0,0.7,107,224,5,0.5,0.5,0,0.3,0,6.3,2
2016,1,1,0,0.97,40.7439003,1,40.74531937,2,6,0.5,0,0.5,0,-73.98887634
2016,2,1,0,4.56,40.74312592,1,40.71370316,1,17,0.5,3.66,0.5,0,-73.9516449
2016,7,10,0,2.28,142,170,9.5,0,0.5,0,0.3,0,10.3,2
2016,1,29,0,0.32,40.77873993,1,40.77465057,1,4,0.5,0.96,0,0,-73.96115875
2016,1,1,0,0.1,40.77317429,1,40.77203751,3,3,0.5,0,0.5,0,-73.95623016
2016,2,19,0,3.8,40.72836304,1,40.69197845,1,15,0.5,3.25,0.5,0,-73.97166443
2016,7,17,0,10,181,56,29.5,0.5,0.5,0,0.3,0,30.8,2
2016,11,1,0,0.5,158,249,4.5,0.5,0.5,0,0.3,1.7,7.5,1
2016,1,1,0,0.35,40.74343872,1,40.74606323,1,4,0.5,1.59,0.5,0,-73.99642181
2016,11,1,0,2.65,79,68,12,0.5,0.5,0,0.3,0,13.3,2
2016,1,1,0,0.72,40.7207489,1,40.72790527,1,5.5,0.5,1.36,0.5,0,-73.99918365
2016,7,10,0,0.7,231,231,5.5,0,0.5,0,0.3,0,6.3,2
2016,2,1,0,2,40.74079514,1,40.7450676,1,10,0.5,2.25,0.5,0,-73.98087311
2016,1,1,0,1.89,40.74452972,1,40.76285172,1,8.5,0.5,1,0.5,0,-73.96546173
2016,11,15,0,7.9,163,82,26,0.5,0.5,0,0.3,5.45,32.75,1
2016,7,10,0,3.97,75,48,15,0,0.5,0,0.3,3.16,18.96,1
2016,11,15,0,4.8,230,7,18,0.5,0.5,0,0.3,3.85,23.15,1
2016,9,4,0,1,230,164,6,0.5,0.5,0,0.3,0,7.3,2
2016,2,1,0,10.7,40.64638901,1,40.72571182,1,30,0.5,9.39,0.5,0,-73.70932007
2016,2,1,0,1.3,40.76594162,1,40.75122833,1,6.5,0.5,1.55,0.5,0,-73.9916687
2016,2,1,0,0.9,0,1,0,1,5.5,0.5,1.7,0.5,0,0
2016,7,17,0,2.4,79,65,10.5,0.5,0.5,0,0.3,2.36,14.16,1
2016,11,15,0,1.05,129,173,5.5,0.5,0.5,0,0.3,0,6.8,1
2016,7,10,0,6.33,236,148,21,0,0.5,0,0.3,4.36,26.16,1
2016,9,4,0,1.2,148,209,7,0.5,0.5,0,0.3,1,9.3,1
2016,11,15,0,2.9,163,145,16.5,0.5,0.5,0,0.3,0,17.8,4
2016,7,10,0,0.76,142,43,5,0,0.5,0,0.3,0,5.8,2
2016,1,1,0,0.94,40.72647858,1,40.72204971,2,5,0.5,0,0.5,0,-74.00308228
2016,7,17,0,1.5,144,107,7.5,0.5,0.5,0,0.3,1.76,10.56,1
2016,1,29,0,0.5,40.79436111,1,40.79618835,2,4.5,0.5,0,0,0,-73.93535614
2016,7,17,0,4.1,237,260,13.5,0.5,0.5,0,0.3,3,17.8,1
2016,9,4,0,0.9,255,112,5,0.5,0.5,0,0.3,0,6.3,2
2016,1,1,0,0.7,40.74491501,1,40.7385025,1,5.5,0.5,1.2,0.5,0,-73.99201202
2016,11,1,0,0.4,249,249,3.5,0.5,0.5,0,0.3,0,4.8,2
2016,1,1,0,3.2,40.76063919,1,40.74345016,1,14.5,0.5,3.15,0.5,0,-73.97289276
2016,9,4,0,1.1,114,148,8.5,0.5,0.5,0,0.3,1.95,11.75,1
2016,9,4,0,3.2,238,42,13,0.5,0.5,0,0.3,0,14.3,1
2016,7,10,0,5.03,13,142,19,0,0.5,0,0.3,0,19.8,2
2016,11,1,0,4.17,79,142,16,0.5,0.5,0,0.3,0,17.3,1
2016,2,1,0,0,0,5,40.74697876,1,60,0.5,8,0,0,-73.99668121
2016,11,1,0,0.79,144,148,7,0.5,0.5,0,0.3,1.66,9.96,1
2016,11,1,0,1.76,114,68,13,0.5,0.5,0,0.3,2.86,17.16,1
2016,7,17,0,2.5,48,249,10.5,0.5,0.5,0,0.3,2.36,14.16,1
2016,1,29,0,1.8,40.74690247,1,40.76579285,1,10.5,0.5,2.8,0,0,-73.98306274
2016,2,1,0,8.83,40.77017975,1,40.79700851,1,26.5,0.5,6.67,0.5,5.54,-73.96092987
2016,7,17,0,4.9,246,151,17,0.5,0.5,0,0.3,2,20.3,1
2016,1,1,0,0.8,40.74050903,1,40.73464584,1,4.5,0.5,1.45,0.5,0,-73.98852539
2016,2,1,0,1.13,40.75535965,1,40.76749039,2,6,0.5,0,0.5,0,-73.98458862
2016,11,1,0,1,211,148,7,0.5,0.5,0,0.3,0,8.3,1
2016,11,1,0,2.64,239,48,11,0.5,0.5,0,0.3,2.46,14.76,1
2016,2,1,0,2.52,40.75454712,1,40.74222565,2,10.5,0.5,0,0.5,0,-74.00426483
2016,11,1,0,8.1,100,173,30,0.5,0.5,0,0.3,0,31.3,2
2016,11,1,0,3.8,13,100,14,0.5,0.5,0,0.3,0,15.3,2
2016,1,1,0,13,40.75770187,1,40.8620491,2,36.5,0.5,0,0.5,0,-73.90930939
2016,2,1,0,2.52,40.72322083,1,40.69565201,1,10.5,0.5,2.36,0.5,0,-73.9845047
2016,7,10,0,3.7,230,231,15,0,0.5,0,0.3,0,15.8,2
2016,9,4,0,1.01,79,79,6,0.5,0.5,0,0.3,1.46,8.76,1
2016,9,4,0,1.76,239,151,7.5,0.5,0.5,0,0.3,0,8.8,2
2016,2,19,0,1.64,40.76440048,1,40.77732086,1,8,0.5,1.86,0.5,0,-73.97846222
2016,9,4,0,1.9,48,239,7.5,0.5,0.5,0,0.3,3,11.8,1
2016,11,1,0,1.29,230,229,7.5,0.5,0.5,0,0.3,1.76,10.56,1
2016,9,4,0,0.7,97,97,5,0.5,0.5,0,0.3,1.25,7.55,1
2016,7,10,0,0.72,151,151,5,0,0.5,0,0.3,1.16,6.96,1
2016,2,1,0,2.76,40.76110077,1,40.79230118,1,10.5,0.5,2.36,0.5,0,-73.97518921
2016,11,1,0,2.7,249,48,12,0.5,0.5,0,0.3,16.7,30,1
2016,1,1,0,1.22,40.77168655,1,40.7624855,2,7.5,0.5,0,0.5,0,-73.97445679
2016,7,10,0,1.34,186,158,6.5,0,0.5,0,0.3,0,7.3,2
2016,9,4,0,8.6,107,244,27.5,0.5,0.5,0,0.3,5.75,34.55,1
2016,11,1,0,0.24,100,100,3.5,0.5,0.5,0,0.3,0,4.8,2
2016,9,4,0,4.15,263,226,13.5,0.5,0.5,0,0.3,0,14.8,1
2016,1,1,0,1.32,40.7961998,1,40.78731155,2,6.5,0.5,0,0.5,0,-73.95005035
2016,9,4,0,0.7,114,148,5.5,0.5,0.5,0,0.3,1.35,8.15,1
2016,7,10,0,0.5,263,236,4.5,1,0.5,0,0.3,2.7,9,1
2016,7,17,0,1.9,148,234,9,0.5,0.5,0,0.3,0,10.3,2
2016,7,10,0,4.7,66,186,16,0,0.5,0,0.3,4.2,21,1
2016,7,10,0,2.6,148,186,10.5,0,0.5,0,0.3,1,12.3,1
2016,2,1,0,0.94,40.76478958,1,40.77584076,1,5,0.5,0.94,0.5,0,-73.98314667
2016,7,17,0,0.8,82,56,5,0.5,0.5,0,0.3,0,6.3,2
2016,1,1,0,7.45,40.71998978,1,40.78987122,2,26,0.5,0,0.5,0,-73.966362
2016,7,10,0,2.94,263,143,11.5,0,0.5,0,0.3,2.46,14.76,1
2016,2,1,0,1.14,40.75264359,1,40.7431221,2,6.5,0.5,0,0.5,0,-73.9932785
2016,11,15,0,5.8,163,116,19.5,0.5,0.5,0,0.3,3,23.8,1
2016,7,10,0,2.46,161,158,11,0,0.5,0,0.3,2.36,14.16,1
2016,7,17,0,3.4,234,142,13.5,0.5,0.5,0,0.3,1.5,16.3,1
2016,11,1,0,1.2,164,233,6.5,0.5,0.5,0,0.3,0,7.8,2
2016,1,1,0,0.83,40.74510574,1,40.74930954,2,7,0.5,0,0.5,0,-73.99221039
2016,9,4,0,1.45,186,114,7.5,0.5,0.5,0,0.3,1.76,10.56,1
2016,9,4,0,3.04,48,114,11,0.5,0.5,0,0.3,2.46,14.76,1
2016,2,1,0,1.5,40.73086548,1,40.72032928,4,8.5,0.5,0,0.5,0,-74.01084137
2016,9,4,0,2.7,45,170,12.5,0.5,0.5,0,0.3,2.75,16.55,1
2016,9,4,0,6.89,100,168,22,0.5,0.5,0,0.3,0,23.3,2
2016,9,4,0,1.4,68,79,9,0.5,0.5,0,0.3,2.05,12.35,1
2016,1,1,0,3.86,40.76459122,1,40.80475998,1,13,0.5,2.86,0.5,0,-73.95410156
2016,2,1,0,18.69,40.64671326,2,40.74198151,1,52,0.5,11.67,0,5.54,-74.00201416
2016,7,10,0,0.78,229,161,5.5,0,0.5,0,0.3,0,6.3,2
2016,11,1,0,1.71,68,107,9,0.5,0.5,0,0.3,0.5,10.8,1
2016,7,17,0,1.3,114,79,7,0.5,0.5,0,0.3,1.65,9.95,1
2016,7,10,0,1.07,144,231,5.5,0,0.5,0,0.3,0,6.3,2
2016,11,1,0,1.15,163,186,7,0.5,0.5,0,0.3,0,8.3,2
2016,9,4,0,1.03,148,113,6.5,0.5,0.5,0,0.3,1.56,9.36,1
2016,1,1,0,8.8,40.7336998,1,40.75072479,1,26,0.5,5.45,0.5,0,-73.89214325
2016,7,10,0,7,181,256,24,0,0.5,0,0.3,2.5,27.3,1
2016,11,1,0,1.3,249,114,14.5,0.5,0.5,0,0.3,0,15.8,2
2016,7,10,0,8.8,138,48,27.5,0,0.5,5.54,0.3,0,33.84,2
2016,1,1,0,1.1,40.75666046,1,40.75371552,2,11.5,0.5,0,0.5,0,-73.98148346
2016,1,29,0,0.81,40.746521,1,40.75553131,1,5.5,0.5,1.58,0,0,-73.96790314
2016,2,1,0,1.45,40.762146,1,40.74620819,1,6.5,0.5,1.56,0.5,0,-73.99060822
2016,2,19,0,17.5,40.71299744,1,40.64531708,1,48.5,0.5,12.32,0,0,-73.77643585
2016,2,19,0,4.28,40.73934174,1,40.70833206,1,19.5,0.5,2,0.5,0,-73.96846008
2016,11,1,0,0.46,230,48,3.5,0.5,0.5,0,0.3,0.96,5.76,1
2016,1,1,0,2.9,0,1,0,2,12,0.5,0,0.5,0,0
2016,9,4,0,0.6,79,148,7.5,0.5,0.5,0,0.3,1.75,10.55,1
2016,1,1,0,4.3,40.71897888,1,40.6743927,1,15,0.5,3.25,0.5,0,-73.95662689
2016,9,4,0,1.5,161,236,6.5,0.5,0.5,0,0.3,1.55,9.35,1
2016,11,15,0,3.96,90,66,13.5,0.5,0.5,0,0.3,1.48,16.28,1
2016,9,4,0,0.5,164,170,4.5,0.5,0.5,0,0.3,1.16,6.96,1
2016,9,4,0,0.1,100,100,20.5,0.5,0,0,0.3,0,21.3,3
2016,9,4,0,0.92,164,107,5.5,0.5,0.5,0,0.3,1.2,8,1
2016,11,15,0,1.1,163,141,6.5,0.5,0.5,0,0.3,1,8.8,1
2016,1,1,0,1.89,40.75260162,1,40.77605057,1,7.5,0.5,1,0.5,0,-73.95585632
2016,9,4,0,1,246,50,5.5,0.5,0.5,0,0.3,0,6.8,3
2016,1,1,0,2,40.69787216,1,40.69827652,1,9.5,0.5,2.7,0.5,0,-73.96121216
2016,7,10,0,1.44,186,158,7.5,0,0.5,0,0.3,1.66,9.96,1
2016,2,1,0,1.12,40.76227188,1,40.75022507,1,6.5,0.5,0.5,0.5,0,-73.99111938
2016,1,1,0,3.7,40.74224091,1,40.70693588,1,14,0.5,3.05,0.5,0,-74.00736237
2016,1,29,0,1.5,40.75522232,1,40.73880768,1,10,0.5,1,0,0,-73.99132538
2016,9,4,0,0.5,232,148,5,0.5,0.5,0,0.3,1.25,7.55,1
2016,2,19,0,2.17,40.7750206,1,40.77407455,2,10.5,0.5,0,0.5,0,-73.95698547
2016,2,1,0,0,40.66244125,1,40.6625824,3,2.5,0.5,0,0.5,0,-73.94824982
2016,7,10,0,1.11,68,100,5,0,0.5,0,0.3,1.45,7.25,1
2016,2,1,0,2.05,40.72309875,1,40.70732117,1,9.5,0.5,2.16,0.5,0,-74.01397705
2016,9,4,0,0,68,68,3,0.5,0.5,0,0.3,0,4.3,2
2016,2,19,0,4.3,40.77370071,1,40.72952271,2,19.5,0.5,0,0.5,0,-74.00388336
2016,7,10,0,3.2,90,13,12,0,0.5,0,0.3,2.55,15.35,1
2016,9,4,0,0.81,249,234,6,0.5,0.5,0,0.3,0,7.3,2
2016,1,1,0,6.2,40.71460724,1,40.74550247,1,21,0.5,5.55,0.5,0,-73.98752594
2016,7,10,0,1.6,113,148,9,0,0.5,0,0.3,0,9.8,2
2016,11,1,0,2.6,249,13,11.5,0.5,0.5,0,0.3,2.55,15.35,1
2016,2,19,0,3.5,40.73001099,1,40.6957016,1,16,0.5,4.3,0.5,0,-73.9681778
2016,7,17,0,0.7,234,68,5,0.5,0.5,0,0.3,2,8.3,1
2016,11,1,0,1.66,24,42,8,0.5,0.5,0,0.3,1.86,11.16,1
2016,7,10,0,1.9,170,114,8.5,0,0.5,0,0.3,0,9.3,1
2016,2,1,0,3.42,40.70769882,1,40.73173904,1,11.5,0.5,2.56,0.5,0,-73.97428131
2016,1,29,0,2.96,40.77607727,1,40.74118042,1,17.5,0.5,2,0,0,-73.98980713
2016,7,10,0,1.35,234,186,8.5,0,0.5,0,0.3,0,9.3,2
2016,11,1,0,0.9,163,162,5.5,0.5,0.5,0,0.3,1.36,8.16,1
2016,1,1,0,2.2,40.76850891,1,40.7877655,2,9,0.5,0,0.5,0,-73.94934845
2016,11,1,0,2.63,186,141,10,0.5,0.5,0,0.3,2.82,14.12,1
2016,11,1,0,4.6,264,264,16.5,0,0.5,0,0.3,2.2,19.5,1
2016,7,10,0,0.6,236,75,5,0,0.5,0,0.3,0,5.8,2
2016,11,15,0,4.34,13,181,14.5,0.5,0.5,5.54,0.3,4.27,25.61,1
2016,9,4,0,2.7,163,79,12,0.5,0.5,0,0.3,3,16.3,1
2016,9,4,0,0.1,48,48,2.5,0.5,0.5,0,0.3,1.1,4.9,1
2016,9,4,0,3.99,262,79,13.5,0.5,0.5,0,0.3,2.96,17.76,1
2016,1,1,0,0.87,40.80437851,1,40.79800034,2,5.5,0.5,0,0.5,0,-73.96369934
2016,11,1,0,0.84,48,163,5,0.5,0.5,0,0.3,0.63,6.93,1
2016,1,1,0,0.2,40.76407242,1,40.76173401,2,3.5,0.5,0,0.5,0,-73.97485352
2016,11,15,0,0.43,161,233,4,0.5,0.5,0,0.3,1.59,6.89,1
2016,7,17,0,4.22,114,141,15,0.5,0.5,0,0.3,2,18.3,1
2016,9,4,0,1.6,234,161,7,0.5,0.5,0,0.3,2.45,10.75,1
2016,1,1,0,4.93,40.72743988,1,40.76815033,1,17.5,0.5,3.76,0.5,0,-73.95645142
2016,2,1,0,16.4,40.64533997,2,40.75368881,2,52,0.5,0,0,5.54,-73.96962738
2016,7,10,0,4.03,143,116,14,0,0.5,0,0.3,0,14.8,2
2016,9,4,0,5.7,249,7,19.5,0.5,0.5,0,0.3,4,24.8,1
2016,1,29,0,1.23,40.71509171,1,40.72101212,1,8,0.5,1.76,0,0,-74.00107574
2016,9,4,0,16.44,114,174,47,0.5,0.5,0,0.3,0,48.3,2
2016,1,1,0,2.5,40.73199463,1,40.75138855,2,14.5,0.5,0,0.5,0,-73.9786377
2016,7,10,0,9.6,138,164,32,0,0.5,5.54,0.3,9.58,47.92,1
2016,11,15,0,1.1,79,4,6,0.5,0.5,0,0.3,1.45,8.75,1
2016,1,1,0,5.3,40.73696136,1,40.7555809,1,18,0.5,3.85,0.5,0,-73.92842102
2016,2,19,0,1.48,40.7610321,1,40.74758148,1,9.5,0.5,2.16,0.5,0,-73.97458649
2016,2,1,0,3.73,40.68432999,1,40.63936996,2,13.5,0.5,0,0.5,0,-73.96859741
2016,11,15,0,0.5,100,68,3.5,0.5,0.5,0,0.3,1.4,6.2,1
2016,9,4,0,3.6,48,79,15,0.5,0.5,0,0.3,4.05,20.35,1
2016,11,1,0,3.99,263,48,13.5,0.5,0.5,0,0.3,0,14.8,2
2016,7,17,0,0.4,249,246,4,0.5,0.5,0,0.3,1.05,6.35,1
2016,1,1,0,1.8,40.76550674,1,40.76623154,1,10.5,0.5,0,0.5,0,-73.98191833
2016,2,1,0,1.5,40.74211121,1,40.75839996,2,9,0.5,0,0.5,0,-73.98899078
2016,1,1,0,6,40.79104614,1,40.8655777,2,18,0.5,0,0.5,0,-73.92076874
2016,2,19,0,11.23,40.77412033,1,40.7726326,1,33.5,0.5,8.07,0.5,5.54,-73.98591614
2016,11,1,0,2.16,79,261,9.5,0.5,0.5,0,0.3,1.25,12.05,1
2016,9,4,0,1.3,249,90,5.5,0.5,0.5,0,0.3,0,6.8,1
2016,9,4,0,4.7,229,129,20.5,0.5,0.5,0,0.3,0,21.8,2
2016,1,1,0,4.9,40.7299118,1,40.71667862,1,18,0.5,0,0.5,0,-73.94447327
2016,11,1,0,2.65,263,230,10,0.5,0.5,0,0.3,2.26,13.56,1
2016,9,4,0,1.62,163,107,7.5,0.5,0.5,0,0.3,0,8.8,2
2016,11,1,0,4.2,163,144,15.5,0.5,0.5,0,0.3,1,17.8,1
2016,11,1,0,2.08,166,238,8.5,0.5,0.5,0,0.3,1.96,11.76,1
2016,2,1,0,6.02,40.7192421,1,40.70793915,2,19.5,0.5,0,0.5,0,-73.9095993
2016,11,1,0,6.16,234,74,19.5,0.5,0.5,0,0.3,0,20.8,2
2016,2,1,0,3.4,40.74332809,1,40.77905655,2,12,0.5,0,0.5,0,-73.95020294
2016,2,1,0,0.8,40.75327682,1,40.74371338,2,5,0.5,0,0.5,0,-73.92423248
2016,2,19,0,2.4,40.75545883,1,40.72775269,1,16.5,0.5,3.65,1,0,-73.98355865
2016,11,15,0,1.6,249,170,7,0.5,0.5,0,0.3,0,8.3,2
2016,7,10,0,1.51,238,142,8,0,0.5,0,0.3,1,9.8,1
2016,2,1,0,1,40.75476456,1,40.76253128,1,6,0.5,1.45,0.5,0,-73.97711182
2016,9,4,0,0.8,230,161,6,0.5,0.5,0,0.3,1.45,8.75,1
2016,11,1,0,15.64,132,233,52,0,0.5,5.54,0.3,11.67,70.01,1
2016,2,1,0,0.29,40.7469101,1,40.74488831,2,3.5,0.5,0,0.5,0,-73.99700928
2016,7,10,0,2.9,238,237,13,0,0.5,0,0.3,2.75,16.55,1
2016,7,10,0,1,163,48,6,0,0.5,0,0.3,2.5,9.3,1
2016,11,1,0,4.55,234,25,18.5,0.5,0.5,0,0.3,3.96,23.76,1
2016,2,1,0,0.7,40.75151062,1,40.74331284,1,4.5,0.5,1.15,0.5,0,-74.00495148
2016,2,1,0,3.42,40.7673111,1,0,2,12,0.5,0,1.3,0,0
2016,1,1,0,1.67,40.78263092,1,40.79228973,1,8,0.5,1.86,0.5,0,-73.9384613
2016,7,10,0,17.58,132,107,52,0,0.5,5.54,0.3,11.67,70.01,1
2016,11,15,0,10.56,100,227,32,0.5,0.5,5.54,0.3,0,38.84,2
2016,9,4,0,1,48,50,5.5,0.5,0.5,0,0.3,0,6.8,2
2016,1,29,0,0.52,40.79944611,1,40.79439545,1,6,0.5,1,0,0,-73.96643829
2016,2,1,0,18.4,40.64690781,1,40.68659973,1,49.5,0.5,12.7,0.5,0,-73.94138336
2016,11,1,0,1.1,68,48,8,0.5,0.5,0,0.3,1.85,11.15,1
2016,2,1,0,1.99,40.7582016,1,40.75797653,1,9.5,0.5,0.7,0.5,0,-73.96435547
2016,7,17,0,3,148,49,11,0.5,0.5,0,0.3,2.45,14.75,1
2016,2,19,0,18.3,40.71439743,2,40.64439392,2,52,0.5,0,0,0,-73.79065704
2016,9,4,0,0.79,114,148,5,0.5,0.5,0,0.3,0,6.3,2
2016,9,4,0,0.7,79,148,4.5,0.5,0.5,0,0.3,0,5.8,2
2016,9,4,0,4,48,166,13,0.5,0.5,0,0.3,2.85,17.15,1
2016,7,10,0,6,161,88,19,0,0.5,0,0.3,3.95,23.75,1
2016,7,10,0,2.61,66,125,10.5,0,0.5,0,0.3,2.26,13.56,1
2016,1,1,0,0.79,40.74491882,1,40.74143982,2,6,0.5,0,0.5,0,-73.9937973
2016,7,10,0,9.48,74,66,27,0,0.5,0,0.3,0,27.8,1
2016,1,29,0,4.65,40.73099899,1,40.7732811,2,21,0.5,0,0,0,-73.96195984
2016,9,4,0,1,246,48,5.5,0.5,0.5,0,0.3,0,6.8,2
2016,9,4,0,2.51,144,256,10.5,0.5,0.5,0,0.3,0,11.8,1
2016,11,1,0,1.74,141,233,7,0.5,0.5,0,0.3,1,9.3,1
2016,7,10,0,0.7,162,141,4,0,0.5,0,0.3,0.96,5.76,1
2016,2,19,0,2.15,40.73299408,1,40.72728348,2,13.5,0.5,0,0.5,0,-73.99964142
2016,7,10,0,1.03,43,142,6,0,0.5,0,0.3,0,6.8,2
2016,2,19,0,2.6,40.75040054,1,40.72446442,2,15.5,0.5,0,0.5,0,-73.99372101
2016,2,1,0,0.3,40.75926208,1,40.76029205,1,4.5,0.5,2,0.5,0,-73.98509979
2016,1,1,0,5.23,40.7168808,1,40.76937866,2,17.5,0.5,0,0.5,0,-73.96932983
2016,9,4,0,8.3,243,50,23.5,0.5,0.5,0,0.3,0,24.8,1
2016,2,19,0,1.9,40.76296616,1,40.75101471,2,11.5,0.5,0,0.5,0,-73.99068451
2016,1,1,0,0.69,40.73667526,1,40.73268127,2,4.5,0.5,0,0.5,0,-73.98566437
2016,7,10,0,0.5,262,262,4.5,0,0.5,0,0.3,1.05,6.35,1
2016,1,29,0,1.07,40.76163864,1,40.76723862,2,6.5,0.5,0,0,0,-73.95349121
2016,1,1,0,3.3,40.7295723,1,40.76834869,2,12.5,0.5,0,0.5,0,-73.95544434
2016,11,1,0,1.4,249,231,8,0.5,0.5,0,0.3,2.3,11.6,1
2016,9,4,0,2.6,158,230,11,0.5,0.5,0,0.3,0,12.3,2
2016,1,1,0,0.58,40.73796844,1,40.74279022,1,5,0.5,1.26,0.5,0,-74.0041275
2016,9,4,0,0.92,234,249,7,0.5,0.5,0,0.3,1.66,9.96,1
2016,11,15,0,0.69,161,48,5,0.5,0.5,0,0.3,1.26,7.56,1
2016,2,1,0,3.84,40.74024582,1,40.77964401,1,15,0.5,1.7,0.5,0,-73.98061371
2016,1,1,0,6.29,40.77389145,1,40.84777069,2,19.5,0.5,0,0.5,0,-73.93649292
2016,2,19,0,0.6,40.7631073,1,40.75488281,1,4.5,0.5,1.7,0.5,0,-73.97590637
2016,7,10,0,11.9,138,113,45,0,0.5,5.54,0.3,12.84,64.18,1
2016,1,1,0,1.85,40.72647095,1,40.71620178,2,8.5,0.5,0,0.5,0,-74.01474762
2016,9,4,0,0.08,100,100,2.5,0.5,0.5,0,0.3,0,3.8,2
2016,11,1,0,1.2,164,113,8.5,0.5,0.5,0,0.3,1.96,11.76,1
2016,7,10,0,1.56,230,246,10.5,0,0.5,0,0.3,2.82,14.12,1
2016,7,10,0,6.7,87,229,21.5,0,0.5,0,0.3,4.45,26.75,1
2016,2,1,0,8.6,40.72973633,1,40.82395172,1,27,0.5,5.66,0.5,0,-73.94858551
2016,9,4,0,1,249,211,6,0.5,0.5,0,0.3,0,7.3,2
2016,2,1,0,9.4,40.7740097,1,40.80283356,2,26.5,0.5,0,0.5,5.54,-73.96406555
2016,11,1,0,2.2,264,236,8,0.5,0.5,0,0.3,1.5,10.8,1
2016,2,19,0,2.92,40.75990677,1,40.79528809,2,11,0.5,0,0.5,0,-73.94548798
2016,1,1,0,0.87,40.77806854,1,40.78858185,2,4.5,0.5,0,0.5,0,-73.94892883
2016,1,1,0,5.7,40.77350235,1,40.81656265,2,18.5,0.5,0,0.5,0,-73.88846588
2016,9,4,0,1,246,186,5.5,0.5,0.5,0,0.3,1,7.8,1
2016,11,1,0,0.8,162,48,5.5,0.5,0.5,0,0.3,0,6.8,2
2016,9,4,0,3.3,170,239,12,0.5,0.5,0,0.3,0,13.3,2
2016,2,1,0,6.8,40.75052643,1,40.68466187,2,21.5,0.5,0,0.5,0,-73.98913574
2016,11,15,0,6.15,260,37,21,0.5,0.5,0,0.3,15,37.3,1
2016,7,10,0,2.26,230,236,8.5,0,0.5,0,0.3,1.86,11.16,1
2016,7,10,0,2.3,163,90,9,0,0.5,0,0.3,1.5,11.3,1
2016,11,1,0,9.19,230,127,28,0.5,0.5,0,0.3,0,29.3,2
2016,2,1,0,3.7,40.77902222,1,40.81230164,1,14.5,0.5,3.15,0.5,0,-73.95207214
2016,2,1,0,6.1,40.71085358,1,40.77156067,1,20,0.5,3,0.5,0,-73.95326996
2016,11,1,0,1,142,163,7.5,0.5,0.5,0,0.3,1.75,10.55,1
2016,11,15,0,1.09,229,140,5,0.5,0.5,0,0.3,0,6.3,1
2016,7,17,0,6.29,68,226,22,0.5,0.5,0,0.3,4.66,27.96,1
2016,2,1,0,1.41,40.75632477,1,40.77140427,1,6,0.5,1.46,0.5,0,-73.9657135
2016,2,1,0,2.74,40.75997925,1,40.73471832,1,10.5,0.5,2.95,0.5,0,-74.00453186
2016,7,10,0,1.43,87,211,7,0,0.5,0,0.3,1.95,9.75,1
2016,11,1,0,1.2,79,144,9,0.5,0.5,0,0.3,2.05,12.35,1
2016,9,4,0,0.6,186,68,5,0.5,0.5,0,0.3,0,6.3,2
2016,1,1,0,1.18,40.72182083,1,40.73403168,2,6.5,0.5,0,0.5,0,-73.99907684
2016,7,17,0,3.12,68,142,12.5,0.5,0.5,0,0.3,3.45,17.25,1
2016,11,1,0,5.66,79,163,31,0.5,0.5,0,0.3,0,32.3,2
2016,7,17,0,1.2,164,249,6,0.5,0.5,0,0.3,1.82,9.12,1
2016,1,1,0,8.7,40.76694489,1,40.86139297,1,25,0.5,0,0.5,0,-73.92446136
2016,2,1,0,2.2,40.70499039,1,40.72372818,1,8.5,0.5,1.95,0.5,0,-74.01126099
2016,1,29,0,1.78,40.77176285,1,40.75725174,1,9,0.5,2.45,0,0,-73.96369934
2016,2,1,0,4.33,40.75675964,1,40.74121857,1,15.5,0.5,3.36,0.5,0,-73.91988373
2016,11,1,0,2.5,249,164,12.5,0.5,0.5,0,0.3,2.75,16.55,1
2016,2,1,0,0.5,40.74738312,1,40.74992752,2,4,0.5,0,0.5,0,-73.99137115
2016,11,1,0,7.08,158,17,23.5,0.5,0.5,0,0.3,0,24.8,2
2016,11,1,0,1.05,246,48,5,0.5,0.5,0,0.3,1.89,8.19,1
2016,2,19,0,2.34,40.75667191,1,40.78483963,1,9.5,0.5,2.16,0.5,0,-73.94837952
2016,1,29,0,8.6,40.79247284,1,40.71976471,1,28,0.5,5.75,0,0,-73.99317169
2016,9,4,0,0.4,113,107,4,0.5,0.5,0,0.3,0,5.3,2
2016,1,1,0,5,40.73036957,1,40.77349854,1,19.5,0.5,4.5,0.5,0,-73.95168304
2016,9,4,0,0.82,80,37,5,0.5,0.5,0,0.3,1.26,7.56,1
2016,1,29,0,2.6,40.71743774,1,40.75130081,1,10.5,0.5,2,0,0,-74.00794983
2016,9,4,0,2.2,142,229,9.5,0.5,0.5,0,0.3,2.15,12.95,1
2016,2,19,0,1.3,40.76562119,1,40.77920532,1,7,0.5,2.05,0.5,0,-73.95113373
2016,11,15,0,3.5,114,255,14,0.5,0.5,0,0.3,3.05,18.35,1
2016,7,17,0,3.4,49,148,13,0.5,0.5,0,0.3,2,16.3,1
2016,1,1,0,3.55,0,1,0,1,15.5,0.5,3.36,0.5,0,0
2016,9,4,0,0.3,68,90,3.5,0.5,0.5,0,0.3,0,4.8,2
2016,9,4,0,0.97,107,162,5,0.5,0.5,0,0.3,1.26,7.56,1
2016,1,1,0,15.4,40.73356247,1,40.89178848,1,41.5,0.5,8.55,0.5,0,-73.85426331
2016,1,1,0,3.18,40.70887375,1,40.74932098,2,17,0.5,0,0.5,0,-73.98805237
2016,7,10,0,0.4,233,170,5,0,0.5,0,0.3,0,5.8,2
2016,11,15,0,3.5,231,49,13.5,0.5,0.5,0,0.3,2.95,17.75,1
2016,9,4,0,1.48,170,230,7,0.5,0.5,0,0.3,1.66,9.96,1
2016,7,10,0,2.69,231,100,10.5,0,0.5,0,0.3,2.26,13.56,1
2016,2,1,0,1.6,40.75298691,1,40.7425766,2,9.5,0.5,0,0.5,0,-73.91556549
2016,2,19,0,1,40.75417328,1,40.75042343,2,6,0.5,0,0.5,0,-73.99086761
2016,7,17,0,0.8,234,79,6,0.5,0.5,0,0.3,2,9.3,1
2016,2,1,0,1.7,40.74309921,1,40.75852966,1,8.5,0.5,2.45,0.5,0,-73.99268341
2016,9,4,0,0.51,164,100,4,0.5,0.5,0,0.3,1,6.3,1
2016,7,10,0,1.65,234,162,8,0,0.5,0,0.3,1.76,10.56,1
2016,11,1,0,2.6,68,161,11.5,0.5,0.5,0,0.3,0,12.8,2
2016,9,4,0,11.74,4,149,35.5,0.5,0.5,0,0.3,7.36,44.16,1
2016,9,4,0,0.83,79,148,5.5,0.5,0.5,0,0.3,1,7.8,1
2016,9,4,0,7,79,52,23,0.5,0.5,5.54,0.3,3,32.84,1
2016,1,29,0,1.61,40.76820374,1,40.78177261,1,8,0.5,1.76,0,0,-73.97206116
2016,11,1,0,0.9,113,211,5.5,0.5,0.5,0,0.3,1.35,8.15,1
2016,2,1,0,1.4,40.76267242,1,40.7507515,1,7.5,0.5,1.76,0.5,0,-73.98595428
2016,11,1,0,9,114,14,27.5,0.5,0.5,5.54,0.3,3,37.34,1
2016,7,10,0,3.56,236,186,15.5,0,0.5,0,0.3,3.26,19.56,1
2016,7,10,0,1.89,166,151,8.5,0,0.5,0,0.3,0,9.3,2
2016,9,4,0,5.4,48,116,18.5,0.5,0.5,0,0.3,3.96,23.76,1
2016,2,1,0,0.4,40.72743607,1,40.73198318,1,3.5,0.5,1,0.5,0,-74.00086975
2016,9,4,0,1.5,114,231,7,0.5,0.5,0,0.3,1.49,9.79,1
2016,11,15,0,4,230,166,12.5,0.5,0.5,0,0.3,1.99,15.79,1
2016,9,4,0,2.72,79,48,12.5,0.5,0.5,0,0.3,0,13.8,2
2016,9,4,0,11.86,88,116,34,0.5,0.5,0,0.3,0,35.3,1
2016,1,1,0,14.04,40.74805832,1,40.60917664,2,42,0.5,0,0.5,0,-73.99208832
2016,7,17,0,15.2,48,248,41.5,0.5,0.5,0,0.3,2.85,45.65,1
2016,7,17,0,1.1,158,249,7,0.5,0.5,0,0.3,1.66,9.96,1
2016,2,19,0,1.12,40.75238037,1,40.75170517,1,7,0.5,1.66,0.5,0,-73.99376678
2016,7,10,0,3.02,263,164,11.5,0,0.5,0,0.3,2.46,14.76,1
2016,1,1,0,2.94,40.73976898,1,40.74251938,1,15,0.5,0,0.5,0,-73.99954987
2016,1,1,0,0.2,40.76467133,1,40.76414871,2,3.5,0.5,0,0.5,0,-73.99214935
2016,2,19,0,2.31,40.74251938,1,40.71754074,2,16,0.5,0,0.5,0,-73.9878006
2016,11,1,0,1.5,162,107,7,0.5,0.5,0,0.3,2.05,10.35,1
2016,7,10,0,0.9,161,142,6,0,0.5,0,0.3,1,7.8,1
2016,2,1,0,3.7,40.7515564,1,40.75712585,1,13,0.5,2,0.5,0,-73.9890213
2016,7,10,0,0.9,48,68,5.5,0,0.5,0,0.3,0,6.3,2
2016,7,10,0,1.6,141,162,7.5,0,0.5,0,0.3,1.65,9.95,1
2016,9,4,0,14.92,179,200,40.5,0.5,0.5,0,0.3,0,41.8,2
2016,7,17,0,2.4,68,148,12,0.5,0.5,0,0.3,1,14.3,1
2016,1,29,0,0.89,40.76107025,1,40.75367355,1,5.5,0.5,1.26,0,0,-73.93774414
2016,7,10,0,3.09,236,186,13.5,0,0.5,0,0.3,2.86,17.16,1
2016,7,10,0,13.13,138,114,38.5,0,0.5,5.54,0.3,0,44.84,2
2016,11,1,0,8.35,162,95,24.5,0.5,0.5,0,0.3,0,25.8,1
2016,9,4,0,1.4,107,79,8,0.5,0.5,0,0.3,1.85,11.15,1
2016,1,1,0,1.1,40.76485825,1,40.76293564,2,11,0.5,0,0.5,0,-73.97802734
2016,11,1,0,3.8,48,114,16,0.5,0.5,0,0.3,3.45,20.75,1
2016,9,4,0,2.5,230,236,9,0.5,0.5,0,0.3,0,10.3,1
2016,2,1,0,0.9,40.72855377,1,40.73954773,1,6.5,0.5,2.2,0.5,0,-73.98048401
2016,11,1,0,3.11,114,80,13,0.5,0.5,0,0.3,0,14.3,2
2016,1,29,0,2.36,40.76081085,1,40.74802017,1,13.5,0.5,2.86,0,0,-73.98296356
2016,9,4,0,1.9,255,37,9.5,0.5,0.5,0,0.3,2.16,12.96,1
2016,7,10,0,21.3,132,231,52,0,0.5,0,0.3,0,52.8,2
2016,11,1,0,0.72,231,231,4.5,0.5,0.5,0,0.3,1.74,7.54,1
2016,9,4,0,4.5,148,48,17,0.5,0.5,0,0.3,0,18.3,1
2016,1,1,0,4.26,40.76258087,1,40.79871368,1,17,0.5,3.66,0.5,0,-73.96331024
2016,1,29,0,2.6,40.7724762,1,40.78335953,2,12.5,0.5,0,0,0,-73.95494843
2016,2,1,0,0.81,40.77764893,1,40.78665924,1,4.5,0.5,1.16,0.5,0,-73.94087219
2016,7,17,0,4.7,68,263,16,0.5,0.5,0,0.3,3.45,20.75,1
2016,2,1,0,2.12,40.71883774,1,40.71401215,1,8.5,0.5,1.2,0.5,0,-73.9614563
2016,9,4,0,1.1,162,237,5.5,0.5,0.5,0,0.3,1.2,8,1
2016,2,1,0,5.58,40.64536667,1,40.68419647,2,17,0.5,0,0.5,0,-73.82113647
2016,2,1,0,4.8,40.72395325,1,40.72403336,1,16.5,0.5,4.45,0.5,0,-73.93946838
2016,7,10,0,0.8,75,236,5,0,0.5,0,0.3,1,6.8,1
2016,1,1,0,13.64,40.64476013,1,40.66186905,2,39,0.5,0,0.5,0,-73.97924805
2016,2,19,0,1.98,40.74047852,1,40.76420975,1,8,0.5,2.32,0.5,0,-73.95917511
2016,11,1,0,0.2,68,158,3,0.5,0.5,0,0.3,0,4.3,2
2016,9,4,0,1.7,237,164,8,0.5,0.5,0,0.3,0,9.3,2
2016,7,10,0,11.13,138,142,33,0,0.5,5.54,0.3,0,39.34,1
2016,1,1,0,6,40.72983551,1,40.80315399,1,25.5,0.5,5.36,0.5,0,-73.96417999
2016,9,4,0,2.57,164,148,11,0.5,0.5,0,0.3,3.69,15.99,1
2016,1,1,0,3.09,40.72017288,1,40.75656128,2,14.5,0.5,0,0.5,0,-73.97338867
2016,11,1,0,3.8,79,48,15,0.5,0.5,0,0.3,0,16.3,1
2016,11,1,0,1.81,148,158,9,0.5,0.5,0,0.3,2.06,12.36,1
2016,7,10,0,0.63,234,113,4,0,0.5,0,0.3,1,5.8,1
2016,7,10,0,7.67,224,41,23,0,0.5,0,0.3,3,26.8,1
2016,9,4,0,1.9,68,162,9.5,0.5,0.5,0,0.3,0,10.8,2
2016,7,10,0,2.22,256,148,10,0,0.5,0,0.3,0,10.8,2
2016,11,1,0,3.93,79,141,13,0.5,0.5,0,0.3,0,14.3,2
2016,1,1,0,2.43,40.76353836,1,40.74425125,1,12,0.5,3.99,0.5,0,-73.99568939
2016,11,1,0,0.89,163,229,6,0.5,0.5,0,0.3,1,8.3,1
2016,7,17,0,0.3,162,161,4,0.5,0.5,0,0.3,1.05,6.35,1
2016,7,10,0,1.28,79,249,6.5,0,0.5,0,0.3,1.5,8.8,1
2016,9,4,0,1.5,231,261,6.5,0.5,0.5,0,0.3,0,7.8,2
2016,1,1,0,1.6,40.7796402,1,40.7985878,1,6.5,0.5,1.55,0.5,0,-73.97141266
2016,9,4,0,6.02,162,129,19.5,0.5,0.5,0,0.3,0,20.8,2
2016,11,1,0,4.87,186,7,16.5,0.5,0.5,0,0.3,4.45,22.25,1
2016,11,15,0,1.92,162,224,8,0.5,0.5,0,0.3,1,10.3,1
2016,9,4,0,2.74,230,79,10.5,0.5,0.5,0,0.3,0,11.8,2
2016,9,4,0,2.58,114,230,11,0.5,0.5,0,0.3,3.08,15.38,1
2016,11,1,0,2,79,90,9.5,0.5,0.5,0,0.3,1,11.8,1
2016,11,1,0,1.7,239,230,9,0.5,0.5,0,0.3,2.55,12.85,1
2016,9,4,0,8.19,68,195,25,0.5,0.5,0,0.3,0,26.3,1
2016,2,19,0,9.17,40.72089386,1,40.7791748,1,27,0.5,5.66,0.5,0,-73.95481873
2016,9,4,0,2.7,264,264,13,0.5,0.5,0,0.3,0,14.3,2
2016,2,1,0,3.23,40.73159027,1,40.76776123,1,12.5,0.5,2.76,0.5,0,-73.991539
2016,1,29,0,0.77,40.75106049,1,40.75628662,1,7,0.5,1.56,0,0,-73.98721313
2016,9,4,0,0.75,79,107,5,0.5,0.5,0,0.3,1,7.3,1
2016,2,1,0,1.11,40.76963043,1,40.76731873,2,7.5,0.5,0,0.5,0,-73.96446991
2016,11,1,0,1.23,246,230,6,0.5,0.5,0,0.3,1.82,9.12,1
2016,1,1,0,1.18,40.73460007,1,40.72577667,2,6.5,0.5,0,0.5,0,-73.98368073
2016,2,1,0,1.4,40.74597168,1,40.73023605,1,6,0.5,0.1,0.5,0,-74.00032806
2016,9,4,0,2.38,90,48,10.5,0.5,0.5,0,0.3,0,11.8,2
2016,2,1,0,3.05,40.78783035,1,40.81964874,1,12,0.5,2.66,0.5,0,-73.9467392
2016,9,4,0,1.19,256,17,6.5,0.5,0.5,0,0.3,3,10.8,1
2016,9,4,0,1.47,144,107,7,0.5,0.5,0,0.3,1.66,9.96,1
2016,2,1,0,2.1,40.76869202,1,40.7942009,2,8.5,0.5,0,0.5,0,-73.94070435
2016,7,10,0,1.2,246,164,7,0,0.5,0,0.3,0,7.8,2
2016,2,1,0,1.1,40.77342224,1,40.78142166,2,6.5,0.5,0,0.5,0,-73.95610809
2016,1,1,0,10.54,40.67956543,1,40.78892517,1,33,0.5,0,0.5,0,-73.95027161
2016,1,1,0,6.5,40.75986481,1,40.74866486,2,22.5,0.5,0,0.5,0,-73.87660217
2016,9,4,0,5.3,230,152,19,0.5,0.5,0,0.3,0,20.3,2
2016,9,4,0,1,144,231,6.5,0.5,0.5,0,0.3,1.95,9.75,1
2016,9,4,0,0.9,189,49,5,0.5,0.5,0,0.3,0,6.3,2
2016,11,15,0,2.5,48,141,12,0.5,0.5,0,0.3,0,13.3,2
2016,2,1,0,1.5,40.74972153,1,40.76398468,2,6.5,0.5,0,0.5,0,-73.98232269
2016,7,10,0,1.98,161,48,11.5,0,0.5,0,0.3,3.08,15.38,1
2016,11,15,0,1.8,237,137,7.5,0.5,0.5,0,0.3,1.75,10.55,1
2016,2,1,0,3.23,40.77275085,1,40.74296951,1,12,0.5,2.66,0.5,0,-73.98722839
2016,11,1,0,20.11,132,231,52,0,0.5,0,0.3,10.56,63.36,1
2016,9,4,0,4.11,114,25,15.5,0.5,0.5,0,0.3,3.36,20.16,1
2016,9,4,0,1.7,164,114,8.5,0.5,0.5,0,0.3,0,9.8,2
2016,11,1,0,11.58,100,62,39,0.5,0.5,0,0.3,0,40.3,1
2016,2,19,0,7.19,40.64673615,1,40.6919136,2,21,0.5,0,0.5,0,-73.85689545
2016,7,10,0,2,90,4,9.5,0,0.5,0,0.3,0,10.3,2
2016,11,15,0,0.79,161,237,6,0.5,0.5,0,0.3,0,7.3,2
2016,9,4,0,1.17,79,137,6,0.5,0.5,0,0.3,1.46,8.76,1
2016,2,1,0,3.13,40.72710037,1,40.75588989,1,12,0.5,2.66,0.5,0,-73.97119141
2016,2,1,0,4.5,40.75504303,1,40.76597214,2,15.5,0.5,0,0.5,0,-73.9267807
2016,2,19,0,0,40.7698822,2,40.76987457,4,52,0.5,0,0,0,-73.86342621
2016,1,1,0,0.54,40.76895142,1,40.76173019,2,6,0.5,0,0.5,0,-73.99022675
2016,2,1,0,1.18,40.7396698,1,40.74087143,2,7.5,0.5,0,0.5,0,-74.00489044
2016,1,1,0,4.7,40.76777267,1,40.70992661,1,17,0.5,2,0.5,0,-74.00960541
2016,9,4,0,5.02,79,143,17,0.5,0.5,0,0.3,3.66,21.96,1
2016,9,4,0,2.7,164,231,13.5,0.5,0.5,0,0.3,0,14.8,2
2016,2,1,0,10.4,40.72980881,1,40.82681274,1,33.5,0.5,5,0.5,0,-73.93940735
2016,1,29,0,0.27,40.75014114,1,40.74761963,2,3,0.5,0,0,0,-73.98046112
2016,9,4,0,10.55,48,220,33,0.5,0.5,0,0.3,0,34.3,2
2016,1,1,0,1.2,40.74206924,1,40.74216461,3,12.5,0.5,0,0.5,0,-74.00228882
2016,2,1,0,1.7,40.75719452,1,40.76964951,1,7,0.5,1.7,0.5,0,-73.96034241
2016,1,29,0,0.29,40.78183365,1,40.78534698,1,3.5,0.5,1.29,0,0,-73.96938324
2016,9,4,0,0.76,246,48,4.5,0.5,0.5,0,0.3,1,6.8,1
2016,11,1,0,0.8,90,68,5.5,0.5,0.5,0,0.3,0,6.8,2
2016,11,15,0,9.75,24,129,30.5,0.5,0.5,0,0.3,0,31.8,2
2016,1,1,0,1.11,40.73817062,1,40.75054932,1,7,0.5,1.66,0.5,0,-73.99459076
2016,2,19,0,2.23,40.72652054,1,40.75009918,1,11,0.5,2,0.5,0,-73.99137878
2016,2,19,0,3.7,40.72244644,1,40.7640152,1,16,0.5,3.45,0.5,0,-73.97679901
2016,1,1,0,2.9,40.77487946,1,40.74411392,2,20.5,0.5,0,0.5,0,-73.98136139
2016,1,1,0,5.1,40.74588013,1,40.80126572,1,17.5,0.5,2.82,0.5,0,-73.96988678
2016,7,10,0,1,68,100,6.5,0,0.5,0,0.3,1.45,8.75,1
2016,11,15,0,0.8,249,107,5,0.5,0.5,0,0.3,0,6.3,2
2016,1,1,0,1.43,40.73439789,1,40.72411346,2,7.5,0.5,0,0.5,0,-73.97879028
2016,11,1,0,6.1,234,41,24,0.5,0.5,0,0.3,5.06,30.36,1
2016,2,1,0,1.9,40.76039886,1,40.7478714,2,8,0.5,0,0.5,0,-73.94622803
2016,7,10,0,8.73,138,236,25.5,0,0.5,5.54,0.3,9.55,41.39,1
2016,11,1,0,2.6,42,168,10.5,0.5,0.5,0,0.3,2.35,14.15,1
2016,11,1,0,2.2,107,50,10.5,0.5,0.5,0,0.3,2.35,14.15,1
2016,2,1,0,1.39,40.77751923,1,40.76351166,1,7,0.5,2.49,0.5,0,-73.97348785
2016,9,4,0,5.5,90,7,19.5,0.5,0.5,0,0.3,3,23.8,1
2016,7,10,0,0.97,249,186,6,0,0.5,0,0.3,0,6.8,2
2016,9,4,0,2.22,163,75,8,0.5,0.5,0,0.3,1.86,11.16,1
2016,7,10,0,1.79,142,237,9,0,0.5,0,0.3,1.96,11.76,1
2016,2,1,0,1.58,40.78274155,1,40.79756927,1,8,0.5,1,0.5,0,-73.97368622
2016,1,1,0,2.51,40.75286102,1,40.75764084,2,9.5,0.5,0,0.5,0,-73.96361542
2016,2,19,0,4.63,40.72108078,1,40.69195938,1,18,0.5,3.86,0.5,0,-73.96566772
2016,9,4,0,2.26,17,37,10,0.5,0.5,0,0.3,2.26,13.56,1
2016,9,4,0,2.14,148,256,8.5,0.5,0.5,0,0.3,0,9.8,2
2016,11,1,0,8.25,48,243,25,0.5,0.5,0,0.3,5.26,31.56,1
2016,2,19,0,1.08,40.71886063,1,40.70943069,1,5.5,0.5,1.5,0.5,0,-74.01732635
2016,7,10,0,0.99,141,236,6.5,0,0.5,0,0.3,0,7.3,2
2016,7,10,0,1.1,261,12,7,0,0.5,0,0.3,1.2,9,1
2016,2,19,0,4.5,40.6919632,1,40.7271843,1,16.5,0.5,0,0.5,0,-73.95285034
2016,11,1,0,1.5,113,148,9.5,0.5,0.5,0,0.3,2.15,12.95,1
2016,2,19,0,2.3,40.76037216,1,40.73820114,2,11,0.5,0,0.5,0,-73.99144745
2016,11,1,0,1.1,75,141,5,0.5,0.5,0,0.3,0,6.3,2
2016,2,19,0,3.21,40.74486542,1,40.71875381,1,15,0.5,2,0.5,0,-73.9861908
2016,11,15,0,0.98,164,230,4.5,0.5,0.5,0,0.3,1.16,6.96,1
2016,2,1,0,9.8,40.74117279,1,40.63807297,1,28.5,0.5,5.95,0.5,0,-74.03016663
2016,2,1,0,2.61,40.7379837,1,40.70727921,1,10,0.5,1.5,0.5,0,-74.01199341
2016,1,1,0,0.56,40.7469101,1,40.75115967,2,4.5,0.5,0,0.5,0,-73.99086761
2016,1,1,0,7.8,40.72014236,1,40.79058075,1,32.5,0.5,6.76,0.5,0,-73.96884918
2016,11,15,0,1.9,249,48,8.5,0.5,0.5,0,0.3,1.95,11.75,1
2016,11,1,0,1,141,236,5,0.5,0.5,0,0.3,0,6.3,2
2016,1,1,0,2.4,40.74423981,1,40.76871109,1,11,0.5,3.05,0.5,0,-73.98545837
2016,7,10,0,3.1,236,48,12,0,0.5,0,0.3,0,12.8,2
2016,1,1,0,3.1,40.75527954,1,40.72063446,1,19.5,0.5,4.15,0.5,0,-73.99514771
2016,11,1,0,1.27,68,68,6,0.5,0.5,0,0.3,1.46,8.76,1
2016,2,1,0,5.59,40.75246048,1,40.77384949,1,20,0.5,4.26,0.5,0,-73.91213989
2016,7,10,0,6.39,262,114,21,0,0.5,0,0.3,4.36,26.16,1
2016,7,17,0,1.51,239,151,6,0.5,0.5,0,0.3,1.82,9.12,1
2016,2,1,0,9.64,40.76988983,1,40.69215012,1,28,0.5,5.86,0.5,0,-73.95111084
2016,9,4,0,4.9,230,145,15.5,0.5,0.5,0,0.3,3.35,20.15,1
2016,9,4,0,13.7,158,265,60,0.5,0,10.5,0.3,14.25,85.55,1
2016,11,15,0,1.57,234,79,7,0.5,0.5,0,0.3,1.5,9.8,1
2016,1,1,0,1.1,40.79573059,1,40.80493164,1,6,0.5,1,0.5,0,-73.96251678
2016,7,17,0,8.51,229,56,24,0.5,0.5,5.54,0.3,0,30.84,2
2016,1,1,0,1.4,40.72937012,1,40.74564743,1,9,0.5,3.09,0.5,0,-73.98392487
2016,1,29,0,1.61,40.75052643,1,40.73408127,1,9,0.5,1.96,0,0,-73.98933411
2016,9,4,0,0.9,144,148,7,0.5,0.5,0,0.3,1.65,9.95,1
2016,1,29,0,3.32,40.76662064,1,40.74729156,1,19,0.5,1,0,0,-73.99324036
2016,11,1,0,1.29,164,48,7.5,0.5,0.5,0,0.3,0,8.8,2
2016,11,1,0,0.81,100,230,6,0.5,0.5,0,0.3,1.82,9.12,1
2016,9,4,0,0,170,170,2.5,0.5,0.5,0,0.3,7,10.8,1
2016,11,1,0,6.22,79,7,22.5,0.5,0.5,0,0.3,4.76,28.56,1
2016,11,1,0,3.8,148,13,13,0.5,0.5,0,0.3,1,15.3,1
2016,9,4,0,0.7,230,48,6,0.5,0.5,0,0.3,0,7.3,2
2016,1,1,0,6.9,40.75601196,1,40.71789551,1,21.5,0.5,4.56,0.5,0,-74.01550293
2016,11,1,0,0.92,249,68,6,0.5,0.5,0,0.3,1.82,9.12,1
2016,1,1,0,7.25,40.75571823,1,40.68455124,2,26,0.5,0,0.5,0,-73.97881317
2016,2,1,0,9.52,40.72964096,1,40.62136078,2,28.5,0.5,0,0.5,0,-73.98803711
2016,11,1,0,0.72,79,4,6,0.5,0.5,0,0.3,0,7.3,2
2016,11,1,0,2.12,68,231,13.5,0.5,0.5,0,0.3,1,15.8,1
2016,2,1,0,7.21,40.73043823,1,40.76591873,1,22.5,0.5,5.95,0.5,0,-73.91465759
2016,7,17,0,5.9,79,41,18,0.5,0.5,0,0.3,3.85,23.15,1
2016,1,29,0,0,40.77203751,1,40.77203369,3,2.5,0.5,0,0,0,-73.94992065
2016,11,1,0,4.36,90,262,15.5,0.5,0.5,0,0.3,3.36,20.16,1
2016,11,1,0,1.8,249,170,10,0.5,0.5,0,0.3,2.25,13.55,1
2016,11,1,0,2.7,100,79,11.5,0.5,0.5,0,0.3,2.55,15.35,1
2016,9,4,0,4.38,107,239,15,0.5,0.5,0,0.3,0,16.3,2
2016,9,4,0,0.73,148,45,5.5,0.5,0.5,0,0.3,0,6.8,2
2016,1,1,0,5,40.76044846,1,40.79938507,2,17.5,0.5,0,0.5,0,-73.93881226
2016,1,1,0,1.8,40.74240875,1,40.72634888,2,8,0.5,0,0.5,0,-74.00236511
2016,7,17,0,8.2,68,36,26.5,0.5,0.5,0,0.3,0,27.8,2
2016,9,4,0,1.3,163,100,6.5,0.5,0.5,0,0.3,0,7.8,2
2016,9,4,0,0.6,148,114,5.5,0.5,0.5,0,0.3,2,8.8,1
2016,7,17,0,3.04,74,42,11,0.5,0.5,0,0.3,0,12.3,2
2016,7,10,0,1.8,113,231,8.5,0,0.5,0,0.3,1.85,11.15,1
2016,1,1,0,3.44,40.78274536,1,40.74558258,2,21.5,0.5,0,0.5,0,-73.99375916
2016,2,1,0,1.98,40.74129868,1,40.7219696,2,8.5,0.5,0,0.5,0,-73.99640656
2016,2,1,0,9.8,40.76997375,1,40.76748276,1,27.5,0.5,6.85,0.5,5.54,-73.95632935
2016,2,1,0,3.18,40.76527023,1,40.726017,1,13,0.5,2.86,0.5,0,-73.99843597
2016,7,10,0,3.28,68,43,13.5,0,0.5,0,0.3,2.86,17.16,1
2016,11,15,0,1.09,48,142,6,0.5,0.5,0,0.3,1.46,8.76,1
2016,9,4,0,2.4,233,68,13,0.5,0.5,0,0.3,1.5,15.8,1
2016,11,15,0,2.2,148,256,8,0.5,0.5,0,0.3,0,9.3,2
2016,11,1,0,2.26,230,230,12,0.5,0.5,0,0.3,0,13.3,2
2016,9,4,0,1.1,48,142,6.5,0.5,0.5,0,0.3,0,7.8,2
2016,1,1,0,2.2,40.71857834,1,40.73994446,1,11,0.5,1.5,0.5,0,-74.00513458
2016,2,1,0,3.5,40.72489929,1,40.7187767,1,13.5,0.5,4,0.5,0,-73.95331573
2016,2,1,0,0.9,40.72665787,1,40.73950195,1,5,0.5,1.25,0.5,0,-74.00292206
2016,1,1,0,1.22,40.76873016,1,40.77035904,1,6,0.5,0,0.5,0,-73.87529755
2016,2,1,0,0.78,40.72485352,1,40.73249435,1,5,0.5,0,0.5,0,-73.98773956
2016,11,1,0,0.99,79,249,9,0.5,0.5,0,0.3,2.58,12.88,1
2016,1,1,0,1.61,40.77116013,1,40.75273895,2,8.5,0.5,0,0.5,0,-73.9756012
2016,7,10,0,1.84,144,234,7.5,0,0.5,0,0.3,1.66,9.96,1
2016,1,1,0,1.64,40.78523636,1,40.7779808,1,8.5,0.5,0,0.5,0,-73.94556427
2016,2,19,0,5.2,40.72071838,1,40.78392792,1,23,0.5,3.5,0.5,0,-73.95639038
2016,1,1,0,1.53,40.79764175,1,40.78512955,1,8,0.5,1.86,0.5,0,-73.9536972
2016,11,15,0,1.1,234,68,6,0.5,0.5,0,0.3,0,7.3,2
2016,1,1,0,1.2,40.71217346,1,40.71220016,2,7,0.5,0,0.5,0,-73.95133209
2016,2,19,0,0.5,40.76261902,1,40.76929474,1,4,0.5,1.05,0.5,0,-73.95773315
2016,1,1,0,3.6,40.75671387,1,40.75147247,2,16,0.5,0,0.5,0,-74.00363159
2016,7,10,0,1.7,233,113,10,0,0.5,0,0.3,0,10.8,2
2016,9,4,0,1.8,249,170,9.5,0.5,0.5,0,0.3,2.15,12.95,1
2016,9,4,0,0.39,143,239,3.5,0.5,0.5,0,0.3,0,4.8,1
2016,7,10,0,0.95,90,249,5,0,0.5,0,0.3,1.16,6.96,1
2016,9,4,0,2.63,162,262,9,0.5,0.5,0,0.3,2.06,12.36,1
2016,2,1,0,3,40.73098755,1,40.76638794,1,10.5,0.5,2.35,0.5,0,-73.98557281
2016,11,15,0,6.1,186,181,21.5,0.5,0.5,0,0.3,4.55,27.35,1
2016,1,1,0,4.3,40.76222229,1,40.74314117,2,15.5,0.5,0,0.5,0,-73.89775848
2016,2,19,0,18.66,40.64672089,2,40.78675079,1,52,0.5,6,0,5.54,-73.94694519
2016,1,1,0,3.4,0,1,0,2,14.5,0.5,0,0.5,0,0
2016,9,4,0,3.6,107,255,14.5,0.5,0.5,0,0.3,3.15,18.95,1
2016,11,1,0,0.6,100,50,5.5,0.5,0.5,0,0.3,1.35,8.15,1
2016,7,10,0,9.45,138,161,28.5,0,0.5,5.54,0.3,0,34.84,2
2016,9,4,0,5.58,141,256,21,0.5,0.5,0,0.3,0,22.3,1
2016,7,10,0,0.99,50,142,8,0,0.5,0,0.3,2.2,11,1
2016,11,1,0,0.4,229,229,3.5,0.5,0.5,0,0.3,0.2,5,1
2016,9,4,0,1.52,234,161,6.5,0.5,0.5,0,0.3,1.95,9.75,1
2016,7,17,0,0.5,114,249,4,0.5,0.5,0,0.3,0,5.3,2
2016,7,10,0,1.4,161,50,8,0,0.5,0,0.3,0,8.8,1
2016,11,15,0,0.8,100,230,5,0.5,0.5,0,0.3,1.85,8.15,1
2016,9,4,0,4.3,107,145,16,0.5,0.5,0,0.3,1.5,18.8,1
2016,11,1,0,2.3,170,45,12.5,0.5,0.5,0,0.3,0,13.8,2
2016,11,15,0,4.7,141,179,16,0.5,0.5,0,0.3,0,17.3,2
2016,11,1,0,3.71,107,263,13,0.5,0.5,0,0.3,0,14.3,2
2016,9,4,0,2.7,230,125,13.5,0.5,0.5,0,0.3,0,14.8,2
2016,2,1,0,0.8,40.74738693,1,40.74481201,1,5,0.5,1,0.5,0,-73.98693848
2016,7,17,0,1,148,224,5,0.5,0.5,0,0.3,1.55,7.85,1
2016,2,1,0,5.38,40.68151855,1,40.63312912,2,20.5,0.5,0,0.5,0,-74.03476715
2016,11,1,0,2.73,161,79,11,0.5,0.5,0,0.3,2.46,14.76,1
2016,11,1,0,5,48,7,20,0.5,0.5,0,0.3,3.2,24.5,1
2016,2,1,0,0.79,40.73253632,1,40.7263031,1,5,0.5,0.94,0.5,0,-73.98604584
2016,1,1,0,1.8,40.7265892,1,40.71507263,2,9,0.5,0,0.5,0,-74.00948334
2016,9,4,0,13.77,48,26,40.5,0.5,0.5,0,0.3,0,41.8,1
2016,7,17,0,1.74,158,211,8,0.5,0.5,0,0.3,1.86,11.16,1
2016,9,4,0,4.2,100,7,17.5,0.5,0.5,0,0.3,0,18.8,2
2016,1,1,0,1.3,40.80292892,1,40.78598404,2,5.5,0.5,0,0.5,0,-73.94567108
2016,1,1,0,5.6,40.73323441,1,40.69191742,1,22.5,0.5,4.75,0.5,0,-73.92458344
2016,9,4,0,7.2,148,7,25,0.5,0.5,0,0.3,5.25,31.55,1
2016,11,1,0,0.6,246,246,4,0.5,0.5,0,0.3,0,5.3,2
2016,2,19,0,1.83,40.78752136,1,40.77555084,2,9.5,0.5,0,0.5,0,-73.95046234
2016,11,1,0,2.06,65,211,7.5,0.5,0.5,0,0.3,0,8.8,1
2016,11,1,0,1.18,112,255,7.5,0.5,0.5,0,0.3,1.76,10.56,1
2016,9,4,0,5,148,145,16,0.5,0.5,0,0.3,3.46,20.76,1
2016,1,1,0,1.9,40.80129242,1,40.8229332,2,9,0.5,0,0.5,0,-73.95064545
2016,9,4,0,7.2,230,244,23.5,0.5,0.5,0,0.3,0,24.8,2
2016,1,1,0,11.2,40.75771332,1,40.70281219,1,32.5,0.5,0,0.5,0,-73.90223694
2016,11,15,0,4.6,170,256,18,0.5,0.5,0,0.3,5.75,25.05,1
2016,9,4,0,0.9,144,79,6,0.5,0.5,0,0.3,1.45,8.75,1
2016,9,4,0,3.3,246,45,14,0.5,0.5,0,0.3,3.05,18.35,1
2016,1,29,0,1.1,40.75214386,1,40.75810623,1,9.5,0.5,2.05,0,0,-73.9728241
2016,2,1,0,1.5,40.75969315,1,40.76162338,2,7.5,0.5,0,0.5,0,-73.97425079
2016,7,10,0,2,107,68,10,0,0.5,0,0.3,1,11.8,1
2016,9,4,0,1.03,148,144,8,0.5,0.5,0,0.3,1.86,11.16,1
2016,1,1,0,1.89,40.73961639,1,40.72181702,2,9,0.5,0,0.5,0,-73.99531555
2016,11,1,0,3,230,224,12.5,0.5,0.5,0,0.3,0,13.8,2
2016,7,10,0,0.7,90,186,4.5,0,0.5,0,0.3,0,5.3,2
2016,1,1,0,5.52,40.74304962,1,40.76314163,2,19,0.5,0,0.5,0,-73.9134903
2016,2,1,0,1.8,40.74960327,1,40.76078415,2,7.5,0.5,0,0.5,0,-73.90837097
2016,2,1,0,2,40.77127075,1,40.74992752,2,8.5,0.5,0,0.5,0,-73.98575592
2016,1,1,0,1.1,40.73469543,1,40.73240662,2,7.5,0.5,0,0.5,0,-73.98184204
2016,7,10,0,12.88,234,14,36.5,0,0.5,0,0.3,7.46,44.76,1
2016,7,10,0,1.4,239,237,7,0,0.5,0,0.3,1.55,9.35,1
2016,11,15,0,2.3,142,41,8.5,0.5,0.5,0,0.3,1.95,11.75,1
2016,7,10,0,4.4,41,229,17,0,0.5,0,0.3,3.5,21.3,1
2016,2,1,0,8.72,40.77379608,1,40.7665596,1,25,0.5,7.96,0.5,5.54,-73.95373535
2016,9,4,0,2.9,144,48,11.5,0.5,0.5,0,0.3,0,12.8,2
2016,11,1,0,5.93,229,82,20.5,0.5,0.5,0,0.3,0,21.8,2
2016,9,4,0,2.2,90,148,9,0.5,0.5,0,0.3,2.5,12.8,1
2016,9,4,0,9.2,230,243,28.5,0.5,0.5,0,0.3,0,29.8,2
2016,2,19,0,1.67,40.72801208,1,40.72592926,2,10.5,0.5,0,0.5,0,-73.97740936
2016,1,1,0,3.3,40.74909973,1,40.78369141,1,12,0.5,2.66,0.5,0,-73.97364807
2016,9,4,0,1.63,137,229,7,0.5,0.5,0,0.3,1,9.3,1
2016,1,1,0,1,40.75685883,1,40.74861145,1,6,0.5,1.45,0.5,0,-73.97830963
2016,1,1,0,2.68,40.71841049,1,40.74520874,1,10,0.5,2,0.5,0,-73.99134827
2016,11,15,0,5.5,137,37,18.5,0.5,0.5,0,0.3,0,19.8,2
2016,2,1,0,0.78,40.77514648,1,40.76886368,1,5.5,0.5,1.5,0.5,0,-73.95835114
2016,1,1,0,15.64,40.6440506,1,40.73073578,2,44,0.5,0,0.5,0,-73.94842529
2016,11,1,0,1.85,162,234,11.5,0.5,0.5,0,0.3,0,12.8,2
2016,7,10,0,2.23,239,263,10.5,0,0.5,0,0.3,2.26,13.56,1
2016,2,1,0,4.18,40.71746445,1,40.68853378,1,15.5,0.5,3.36,0.5,0,-73.95697021
2016,1,1,0,11.55,40.65715027,1,40.65415955,2,36.5,0.5,0,0.5,0,-73.88738251
2016,11,15,0,0.85,239,238,4.5,0.5,0.5,0,0.3,0.87,6.67,1
2016,11,1,0,0.67,79,148,5,0.5,0.5,0,0.3,1.26,7.56,1
2016,7,17,0,0.2,50,50,3,0.5,0.5,0,0.3,0.85,5.15,1
2016,7,10,0,1.72,229,43,7.5,0,0.5,0,0.3,1.66,9.96,1
2016,2,19,0,2,40.72153854,1,40.69762802,2,8.5,0.5,0,0.5,0,-73.98711395
2016,2,1,0,10.9,40.64710617,1,40.6567955,1,36,0.5,0,0.5,0,-73.95624542
2016,2,25,0,0.7,40.76377106,1,40.73538971,2,5,0.5,0,0,0,-73.99201202
2016,1,1,0,3.21,40.72389603,1,40.68840027,2,11.5,0.5,0,0.5,0,-73.99584961
2016,7,17,0,4.5,88,137,16,0.5,0.5,0,0.3,3.45,20.75,1
2016,11,1,0,1.6,217,37,7.5,0.5,0.5,0,0.3,3,11.8,1
2016,7,10,0,10.2,138,162,29,0,0.5,5.54,0.3,0,35.34,2
2016,2,1,0,1.3,40.74373627,1,40.74378204,2,6.5,0.5,0,0.5,0,-74.00640106
2016,9,4,0,10,186,89,31,0.5,0.5,0,0.3,0,32.3,1
2016,9,4,0,0.6,79,79,4,0.5,0.5,0,0.3,1.05,6.35,1
2016,11,15,0,1,230,162,6,0.5,0.5,0,0.3,0,7.3,1
2016,7,10,0,3.5,170,231,13,0,0.5,0,0.3,0,13.8,2
2016,7,10,0,11.68,138,230,34.5,0,0.5,5.54,0.3,10.21,51.05,1
2016,11,1,0,1.51,114,209,7.5,0.5,0.5,0,0.3,0,8.8,2
2016,11,1,0,3.28,230,75,11.5,0.5,0.5,0,0.3,0,12.8,1
2016,2,1,0,8.4,40.70205688,1,40.65234375,2,25.5,0.5,0,0.5,0,-73.96052551
2016,1,1,0,7.04,40.77649689,1,40.7091217,1,20.5,0.5,5.45,0.5,0,-74.00563812
2016,1,29,0,0.6,40.72400284,1,40.71913147,1,5,0.5,1,0,0,-74.00527191
2016,2,1,0,12.1,40.7177887,1,40.84487152,2,34.5,0.5,0,0.5,0,-73.93504333
2016,7,10,0,0.64,230,230,5,0,0.5,0,0.3,1.16,6.96,1
2016,7,10,0,4.05,138,93,16.5,0,0.5,0,0.3,4.32,21.62,1
2016,2,1,0,0.6,40.75068283,1,40.7532959,2,4,0.5,0,0.5,0,-73.96799469
2016,9,4,0,5.55,166,246,18.5,0.5,0.5,0,0.3,2,21.8,1
2016,2,1,0,3.21,40.73931122,1,40.77110672,2,11.5,0.5,0,0.5,0,-73.95668793
2016,2,1,0,1,0,1,0,1,5.5,0.5,0,0.5,0,0
2016,2,19,0,1,40.75737381,1,40.7580719,3,2.5,0.5,0,0.5,0,-73.97323608
2016,9,4,0,10.3,45,41,30,0.5,0.5,0,0.3,6.25,37.55,1
2016,7,10,0,2.59,211,170,11.5,0,0.5,0,0.3,0,12.3,2
2016,1,1,0,2.25,40.73940659,1,40.74438858,1,10.5,0.5,2.36,0.5,0,-73.97486877
2016,7,10,0,1.36,43,163,8,0,0.5,0,0.3,0,8.8,1
2016,2,1,0,2.2,40.67805099,1,40.65243149,1,9.5,0.5,2.15,0.5,0,-73.95429993
2016,11,1,0,0.8,234,90,6,0.5,0.5,0,0.3,0,7.3,2
2016,9,4,0,4.36,162,41,15,0.5,0.5,0,0.3,0,16.3,2
2016,2,19,0,2.3,40.73352051,1,40.76136398,1,11.5,0.5,2.55,0.5,0,-73.99002075
2016,9,4,0,2.39,114,233,9.5,0.5,0.5,0,0.3,2.16,12.96,1
2016,9,4,0,1.38,230,137,8,0.5,0.5,0,0.3,1.86,11.16,1
2016,9,4,0,0.84,141,229,5,0.5,0.5,0,0.3,0,6.3,2
2016,1,29,0,5.41,40.77938843,1,40.8412323,1,18,0.5,4.7,0,0,-73.9400177
2016,11,15,0,0.8,137,224,4.5,0.5,0.5,0,0.3,1,6.8,1
2016,7,10,0,14.08,50,124,42,0,0.5,0,0.3,0,42.8,2
2016,7,17,0,3.25,249,48,11.5,0.5,0.5,0,0.3,2.56,15.36,1
2016,7,10,0,0.39,90,90,3.5,0,0.5,0,0.3,0,4.3,2
2016,7,10,0,2.17,237,234,8,0,0.5,0,0.3,2.2,11,1
2016,9,4,0,1.5,186,161,7.5,0.5,0.5,0,0.3,2,10.8,1
2016,7,10,0,1,264,264,5.5,0,0.5,0,0.3,0,6.3,2
2016,2,1,0,7.6,40.7436142,1,40.82279587,2,24.5,0.5,0,0.5,0,-73.94216156
2016,11,1,0,1.84,170,141,7.5,0.5,0.5,0,0.3,1.76,10.56,1
2016,2,19,0,12.04,40.64532089,1,40.75197983,1,35.5,0.5,9.2,0.5,0,-73.88317871
2016,7,10,0,2.13,249,161,8,0,0.5,0,0.3,2.2,11,1
2016,9,4,0,0.6,255,256,4.5,0.5,0.5,0,0.3,1.15,6.95,1
2016,1,1,0,2.5,40.74409103,1,40.71276093,2,10.5,0.5,0,0.5,0,-74.00975037
2016,7,10,0,1.3,186,233,7,0,0.5,0,0.3,0,7.8,2
2016,7,10,0,0.8,143,142,6,0,0.5,0,0.3,0,6.8,2
2016,11,1,0,0.7,237,141,5.5,0.5,0.5,0,0.3,0,6.8,2
2016,11,15,0,4.3,264,264,14.5,0.5,0.5,0,0.3,3.15,18.95,1
2016,2,1,0,4.6,40.74744797,1,40.77015305,1,16.5,0.5,3.55,0.5,0,-73.98684692
2016,2,1,0,3.43,40.72053909,1,40.75751114,1,14.5,0.5,3.16,0.5,0,-73.97148132
2016,11,1,0,1.97,163,43,8.5,0.5,0.5,0,0.3,1.5,11.3,1
2016,9,4,0,2.49,140,239,10,0.5,0.5,0,0.3,0,11.3,2
2016,2,1,0,8.2,40.77402878,1,40.74858093,1,23.5,0.5,5,0.5,5.54,-73.9821701
2016,7,10,0,1.6,141,137,6.5,0,0.5,0,0.3,0,7.3,2
2016,9,4,0,2,114,137,9.5,0.5,0.5,0,0.3,2.16,12.96,1
2016,11,15,0,6.6,148,7,21.5,0.5,0.5,0,0.3,0,22.8,3
2016,1,29,0,0.9,40.75600815,1,40.75299072,1,8,0.5,1.75,0,0,-73.97921753
2016,7,17,0,2.69,158,87,11.5,0.5,0.5,0,0.3,1,13.8,1
2016,1,1,0,1.52,40.7598381,1,40.74872208,1,8,0.5,2.79,0.5,0,-73.98751831
2016,2,1,0,1.96,40.76569748,1,40.74438095,1,7.5,0.5,1,0.5,0,-73.97897339
2016,2,1,0,2.5,40.7353096,1,40.75854874,1,11.5,0.5,2.56,0.5,0,-73.97129822
2016,11,15,0,1.04,170,107,5,0.5,0.5,0,0.3,2,8.3,1
2016,7,10,0,2.7,141,186,11.5,0,0.5,0,0.3,3.65,15.95,1
2016,1,29,0,1.2,40.7653656,1,40.75789261,2,8,0.5,0,0,0,-73.97076416
2016,11,15,0,0.63,79,4,4,0.5,0.5,0,0.3,0,5.3,1
2016,11,1,0,2.7,230,68,13.5,0.5,0.5,0,0.3,2,16.8,1
2016,1,29,0,0.69,40.76947021,1,40.77423096,1,4.5,0.5,0,0,0,-73.96350861
2016,11,15,0,2.6,170,263,9,0.5,0.5,0,0.3,3.05,13.35,1
2016,2,1,0,4.15,40.67713547,1,40.71435165,1,15.5,0.5,3.36,0.5,0,-73.99878693
2016,2,1,0,1.72,40.74082184,1,40.72501373,1,8,0.5,1,0.5,0,-73.99485779
2016,9,4,0,1.45,125,261,6.5,0.5,0.5,0,0.3,0,7.8,2
2016,9,4,0,1.02,231,114,5.5,0.5,0.5,0,0.3,0,6.8,2
2016,9,4,0,1.32,48,162,7,0.5,0.5,0,0.3,0,8.3,2
2016,11,15,0,2.91,163,145,16,0.5,0.5,0,0.3,0,17.3,2
2016,2,1,0,3.6,40.72947311,1,40.77330017,1,12.5,0.5,2.75,0.5,0,-73.95207214
2016,7,10,0,0.9,246,48,5.5,0,0.5,0,0.3,1.25,7.55,1
2016,2,1,0,18.1,40.64469147,2,40.76693344,1,52,0.5,10.55,0,0,-73.99029541
2016,9,4,0,10.3,164,235,31.5,0.5,0.5,0,0.3,6.55,39.35,1
2016,11,1,0,5.4,249,112,23.5,0.5,0.5,0,0.3,4.95,29.75,1
2016,9,4,0,2,230,239,9,0.5,0.5,0,0.3,1.5,11.8,1
2016,2,1,0,5.6,40.7297554,1,40.66983414,1,20,0.5,4,0.5,0,-73.95132446
2016,1,29,0,1.2,40.7428093,1,40.75741577,2,8,0.5,0,0,0,-73.98961639
2016,7,10,0,9.2,138,230,29.5,0,0.5,5.54,0.3,0,35.84,2
2016,7,10,0,2.4,170,143,10.5,0,0.5,0,0.3,2.25,13.55,1
2016,7,10,0,0.5,262,262,4,0,0.5,0,0.3,0.95,5.75,1
2016,9,4,0,14.05,113,14,40,0.5,0.5,0,0.3,2,43.3,1
2016,11,1,0,5.02,48,116,17.5,0.5,0.5,0,0.3,0,18.8,2
2016,7,17,0,1.8,229,170,9.5,0.5,0.5,0,0.3,2.7,13.5,1
2016,11,1,0,1.1,79,137,7,0.5,0.5,0,0.3,1.65,9.95,1
2016,2,19,0,3.92,40.75538635,1,40.79711151,2,14.5,0.5,0,0.5,0,-73.9699173
2016,1,1,0,1.2,40.72039032,1,40.70816803,1,6,0.5,1.45,0.5,0,-74.00337219
2016,1,1,0,1.3,40.74225235,1,40.73819733,1,8.5,0.5,1,0.5,0,-73.98422241
2016,11,1,0,0,264,177,37.8,0,0,0,0.3,0,38.1,2
2016,9,4,0,2.1,158,148,12,0.5,0.5,0,0.3,1,14.3,1
2016,11,15,0,2.1,148,164,10,0.5,0.5,0,0.3,2.25,13.55,1
2016,11,1,0,6.49,264,264,20,0.5,0.5,0,0.3,0,21.3,2
2016,9,4,0,4.2,246,24,13,0.5,0.5,0,0.3,2.57,16.87,1
2016,11,15,0,10.8,100,136,31.5,0.5,0.5,0,0.3,0,32.8,2
2016,1,1,0,1.4,40.78367615,1,40.77344131,1,7,0.5,2.45,0.5,0,-73.95558929
2016,11,1,0,17.74,132,48,52,0,0.5,5.54,0.3,11.67,70.01,1
2016,11,1,0,1.72,244,247,7.5,0.5,0.5,0,0.3,0,8.8,2
2016,9,4,0,0.6,100,170,4.5,0.5,0.5,0,0.3,0,5.8,2
2016,11,1,0,2.43,249,13,10,0.5,0.5,0,0.3,2,13.3,1
2016,1,29,0,3.92,40.68672943,1,40.71446991,2,15.5,0.5,0,0,0,-74.01582336
2016,2,19,0,1,40.73350143,1,40.74303818,2,6.5,0.5,0,0.5,0,-73.99276733
2016,1,1,0,2.7,40.71913147,1,40.74988937,1,16,0.5,1.5,0.5,0,-73.98757935
2016,7,10,0,0.7,238,239,4.5,0,0.5,0,0.3,0,5.3,2
2016,2,1,0,3.6,40.64865112,1,40.66646576,2,12,0.5,0,0.5,0,-73.78243256
2016,7,10,0,18.2,132,230,52,0,0.5,5.54,0.3,11.65,69.99,1
2016,7,10,0,0.85,233,170,5,0,0.5,0,0.3,0.5,6.3,1
2016,1,1,0,5.1,40.79679871,1,40.74923706,2,17,0.5,0,0.5,0,-74.0022049
2016,11,1,0,8.92,140,225,27.5,0.5,0.5,0,0.3,2.2,31,1
2016,11,1,0,1.3,137,100,7,0.5,0.5,0,0.3,0,8.3,1
2016,11,1,0,0.6,249,158,5,0.5,0.5,0,0.3,1,7.3,1
2016,11,1,0,2.04,79,249,17,0.5,0.5,0,0.3,0,18.3,1
2016,11,1,0,0.8,170,170,5.5,0.5,0.5,0,0.3,1.35,8.15,1
2016,2,19,0,1.71,40.76198196,1,40.74601364,1,8.5,0.5,1.5,0.5,0,-74.00047302
2016,1,1,0,0.8,40.76019669,1,40.75374222,2,7,0.5,0,0.5,0,-73.97485352
2016,2,1,0,2.7,40.78974915,1,40.81755829,2,10,0.5,0,0.5,0,-73.95323944
2016,11,1,0,1.2,79,170,6.5,0.5,0.5,0,0.3,1.55,9.35,1
2016,1,1,0,2.7,40.73083878,1,40.70491791,2,11,0.5,0,0.5,0,-74.0172348
2016,2,1,0,1.3,40.78154755,1,40.7985611,1,5.5,0.5,2,0.5,0,-73.93952179
2016,1,1,0,1.92,40.79536057,1,40.7731514,2,7.5,0.5,0,0.5,0,-73.97837067
2016,11,1,0,4.91,48,179,16.5,0.5,0.5,0,0.3,3.56,21.36,1
2016,1,1,0,2.56,40.77611923,1,40.80675507,1,10.5,0.5,2.36,0.5,0,-73.96468353
2016,1,1,0,9.63,40.71915817,1,40.82918167,1,27,0.5,8.49,0.5,0,-73.93882751
2016,7,10,0,1.56,48,233,8.5,0,0.5,0,0.3,1,10.3,1
2016,2,19,0,0.71,40.7384758,1,40.73634338,2,5,0.5,0,0.5,0,-74.00827789
2016,2,19,0,14.76,40.64508057,1,40.6039505,1,40.5,0.5,0,0.5,0,-73.91120148
2016,2,1,0,3.01,40.72493362,1,40.75801086,1,11.5,0.5,2.56,0.5,0,-73.96334076
2016,7,10,0,2.2,137,43,10.5,0,0.5,0,0.3,0,11.3,2
2016,11,1,0,7.95,230,129,25,0.5,0.5,0,0.3,7.89,34.19,1
2016,11,1,0,2.55,249,142,13,0.5,0.5,0,0.3,2.86,17.16,1
2016,1,1,0,1.3,40.7399559,1,40.72943497,2,7,0.5,0,0.5,0,-73.98983765
2016,1,1,0,0.3,40.75758743,1,40.75434875,1,3.5,0.5,1.2,0.5,0,-73.96577454
2016,11,15,0,1.27,233,186,6.5,0.5,0.5,0,0.3,2,9.8,1
2016,1,1,0,1.28,40.76723862,1,40.75426102,2,11.5,0.5,0,0.5,0,-73.97859955
2016,1,29,0,0.79,40.73525238,1,40.73636627,2,7.5,0.5,0,0,0,-73.98124695
2016,7,17,0,1.57,163,141,6.5,0.5,0.5,0,0.3,1.95,9.75,1
2016,2,1,0,0.8,40.76427841,1,40.75709152,1,5,0.5,1.25,0.5,0,-73.97174835
2016,1,1,0,1.65,40.80104065,1,40.81517029,2,7.5,0.5,0,0.5,0,-73.94747925
2016,11,1,0,1.6,229,263,7.5,0.5,0.5,0,0.3,2.6,11.4,1
2016,7,17,0,1.35,234,170,6.5,0.5,0.5,0,0.3,0,7.8,2
2016,7,10,0,1.9,239,237,9.5,0,0.5,0,0.3,1.55,11.85,1
2016,9,4,0,12,234,85,36,0.5,0.5,0,0.3,0,37.3,2
2016,9,4,0,3.9,249,143,14.5,0.5,0.5,0,0.3,3.16,18.96,1
2016,11,1,0,4.71,87,170,16,0.5,0.5,0,0.3,3.46,20.76,1
2016,1,1,0,1.5,40.7306366,1,40.72621155,1,10,0.5,3.35,0.5,0,-73.98042297
2016,2,1,0,3.9,40.72543335,1,40.76603699,1,14.5,0.5,3.15,0.5,0,-73.95181274
2016,9,4,0,1.1,48,163,6.5,0.5,0.5,0,0.3,0,7.8,2
2016,11,15,0,3.04,48,141,11.5,0.5,0.5,0,0.3,1,13.8,1
2016,11,1,0,3.86,229,79,15,0.5,0.5,0,0.3,0,16.3,2
2016,2,1,0,2.2,40.75078201,1,40.72733688,2,9.5,0.5,0,0.5,0,-73.99019623
2016,9,4,0,1.53,79,234,8.5,0.5,0.5,0,0.3,0,9.8,2
2016,9,4,0,4.2,48,146,15,0.5,0.5,0,0.3,0,16.3,2
2016,11,1,0,2.12,230,68,10.5,0.5,0.5,0,0.3,0,11.8,2
2016,11,1,0,6.89,48,217,24.5,0.5,0.5,0,0.3,0,25.8,2
2016,9,4,0,9.19,255,89,27,0.5,0.5,0,0.3,5.66,35.91,1
2016,1,29,0,0.9,0,1,0,1,6.5,0.5,1.45,0,0,0
2016,9,4,0,1.44,230,170,7.5,0.5,0.5,0,0.3,0,8.8,2
2016,7,17,0,8.26,158,61,27.5,0.5,0.5,0,0.3,4,32.8,1
2016,1,1,0,4,40.78807449,1,40.74725723,1,14.5,0.5,1,0.5,0,-73.98552704
2016,2,1,0,4.69,40.71900558,1,40.68888474,2,16,0.5,0,0.5,0,-73.94709015
2016,1,1,0,1.17,40.77501678,1,40.77880096,2,6,0.5,0,0.5,0,-73.95174408
2016,2,1,0,1.1,40.78819656,1,40.77218628,1,6,0.5,1.5,0.5,0,-73.98213959
2016,2,19,0,1.04,40.74502182,1,40.74912643,1,6,0.5,1.82,0.5,0,-73.978302
2016,9,4,0,2.9,158,162,12,0.5,0.5,0,0.3,0,13.3,2
2016,1,29,0,1.48,40.74451065,1,40.75926971,1,8.5,0.5,1,0,0,-73.97112274
2016,7,10,0,0.53,264,264,4,0,0.5,0,0.3,0.96,5.76,1
2016,7,10,0,0.9,261,231,4.5,0,0.5,0,0.3,1.05,6.35,1
2016,2,1,0,1.26,40.7491951,1,40.76046753,1,6.5,0.5,1.2,0.5,0,-73.99333954
2016,11,1,0,2.55,186,231,11.5,1,0.5,0,0.3,0,13.3,1
2016,2,1,0,0.33,40.7312088,1,40.73068237,2,3.5,0.5,0,0.5,0,-73.99562073
2016,9,4,0,0.5,263,236,4,0.5,0.5,0,0.3,1.32,6.62,1
2016,7,17,0,2.74,162,145,11.5,0.5,0.5,0,0.3,8.5,21.3,1
2016,1,1,0,2.15,40.75228119,1,40.76807022,1,13,0.5,2.86,0.5,0,-73.95682526
2016,7,10,0,1.47,140,142,7,0,0.5,0,0.3,1,8.8,1
2016,2,19,0,3,40.79190826,1,40.82262039,2,13.5,0.5,0,0.5,0,-73.915802
2016,2,19,0,0.4,40.75544357,1,40.75953293,2,7,0.5,0,0.5,0,-73.98558807
2016,1,29,0,4.89,40.74522018,1,40.80737686,1,24.5,0.5,1.1,0,0,-73.96426392
2016,1,1,0,0.37,40.73765945,1,40.73498154,2,3.5,0.5,0,0.5,0,-73.99124146
2016,11,1,0,0.54,113,79,4.5,0.5,0.5,0,0.3,0,5.8,2
2016,1,29,0,0.6,40.7492485,1,40.74381256,1,7,0.5,1.56,0,0,-73.98931122
2016,2,1,0,2.06,40.73891449,1,40.75688171,1,9,0.5,0,0.5,0,-73.99017334
2016,2,1,0,0.2,40.77182007,1,40.77344131,2,3.5,0.5,0,0.5,0,-73.95740509
2016,9,4,0,2,114,234,10.5,0.5,0.5,0,0.3,0,11.8,2
2016,7,10,0,1.34,142,163,6,0,0.5,0,0.3,1.36,8.16,1
2016,1,1,0,2.34,40.75148392,1,40.76491547,2,9.5,0.5,0,0.5,0,-73.97251129
2016,11,1,0,2.96,113,229,12.5,0.5,0.5,0,0.3,2.76,16.56,1
2016,7,10,0,0.84,231,45,6.5,0,0.5,0,0.3,1.46,8.76,1
2016,9,4,0,2.64,158,148,10,0.5,0.5,0,0.3,0,11.3,1
2016,11,15,0,1,148,79,6,0.5,0.5,0,0.3,1.45,8.75,1
2016,9,4,0,1.02,264,264,7,0.5,0.5,0,0.3,1.66,9.96,1
2016,1,1,0,0.32,40.75162125,1,40.75608826,1,7,0.5,0,0.5,0,-73.99086761
2016,9,4,0,1.1,234,233,6.5,0.5,0.5,0,0.3,1,8.8,1
2016,7,10,0,1.24,90,137,6.5,0,0.5,0,0.3,0,7.3,2
2016,9,4,0,2.4,68,144,11.5,0.5,0.5,0,0.3,0,12.8,2
